"product_id","product_code","product_slug","product_thumbnail","age_adult","age_child","age_elder","age_infant","ordering","trash","is_active","date_create","date_update","date_publish_start","date_publish_end","is_promotion","is_recommend","is_not_available","subdistrict_id","province_id","district_id","location_id","product_lat","product_long","product_address","p_type_id","use_global_duration","amend_duration","cancel_duration","creator","updater","ip","browser","platform","version","set_cutoff","cutoff_day","cutoff_time","product_time","product_state","is_height_adult","height_adult","is_height_child","height_child","is_height_elder","height_elder","is_height_infant","height_infant","country_id","postal_code","set_dayoff","is_approved","date_approve","approver","view_count"
"26","test","test","uploads/products/ph3_9ba8dc5434674bf391dc1a3ac5fd624d.jpg",NULL,NULL,NULL,NULL,NULL,"0","0","2017-11-14 19:25:00","2018-03-15 12:19:00","2017-11-14 12:00:00","2017-12-12 12:00:00","0","0","0","12","0","0",NULL,"0","0",,"1","0","0","0","23","23","182.232.187.49","Safari","iPhone","11.0","0","0",,"0",NULL,"0",NULL,"0",NULL,"0",NULL,"0",NULL,"218",NULL,"0","1","2017-11-14 19:25:00","23","0"
"25","PKNIGHT","phuket-night-life-tour","uploads/products/q_4a5e7ff234133e3cbc674935c7df5a30.jpg",NULL,NULL,NULL,NULL,NULL,"0","0","2017-10-18 22:58:00","2018-08-03 17:52:47","2017-10-18 12:00:00","2017-12-31 12:00:00","0","0","0","4879","83","8301",NULL,"7.821","98.285",,"2","0","0","0","23","10","180.183.245.235","Chrome","Macintosh","68.0.3440.84","0","0",,"0",NULL,"0",NULL,"0",NULL,"0",NULL,"0",NULL,"218",NULL,"0","1","2017-10-18 22:58:00","23","0"
"24","DIVING_FUN01","best-diving","uploads/products/phuket-diving_dce2e9561b7a059e66d4b010f62d7b5d.jpg",NULL,NULL,NULL,NULL,NULL,"1","0","2017-10-18 22:50:00","2017-12-18 15:48:00","2017-10-18 12:00:00","2017-10-20 12:00:00","1","0","0","2","0","0",NULL,"0","0",,"2","0","0","0","23",,"27.254.36.42","Chrome","Macintosh","62.0.3202.89","0","0",,"0",NULL,"0",NULL,"0",NULL,"0",NULL,"0",NULL,"218",NULL,"0","1","2017-10-18 22:50:00","23","0"
"22","BEACH_A01","beautiful_beach","uploads/products/home_21a0861bd07b72836646dabe2666c486.jpg",NULL,NULL,NULL,NULL,NULL,"1","0","2017-10-18 22:20:00","2017-12-18 15:48:00","2017-10-18 12:00:00","2017-10-18 12:00:00","0","0","0","1","0","0",NULL,"0","0",,"1","0","0","0","23",,"27.254.36.42","Chrome","Macintosh","61.0.3163.100","0","0",,"0",NULL,"0",NULL,"0",NULL,"0",NULL,"0",NULL,"218",NULL,"0","1","2017-10-18 22:20:00","23","0"
"23","BEACH_A02","most_beautiful_beach","uploads/products/phuket_930e20350162e12e0cf3044685cfb3a8.jpg",NULL,NULL,NULL,NULL,NULL,"1","0","2017-10-18 22:21:00","2017-12-18 15:48:00","2017-10-18 12:00:00","2017-10-20 12:00:00","1","0","0","1","0","0",NULL,"0","0",,"1","0","0","0","23",,"27.254.36.42","Chrome","Macintosh","62.0.3202.89","0","0",,"0",NULL,"0",NULL,"0",NULL,"0",NULL,"0",NULL,"218",NULL,"0","1","2017-10-18 22:21:00","23","0"
"27","0001","program4kao","uploads/products/ph2_c15d92a02cfc16e3416f0bd05dc37a03.jpg",NULL,NULL,NULL,NULL,NULL,"0","0","2017-11-24 17:37:00","2018-03-15 12:20:39","2017-11-24 12:00:00","2017-12-31 12:00:00","0","0","0","1996","81","8108",NULL,"0","0",,"1","0","0","0","23","23","182.232.187.49","Safari","iPhone","11.0","0","0",,"0",NULL,"0",NULL,"0",NULL,"0",NULL,"0",NULL,"218",NULL,"0","1","2017-11-24 17:37:00","23","0"
"28","00001","tripdemo","uploads/products/ph1_d0d7a9047325d2706079505dcb2c9e27.jpg",NULL,NULL,NULL,NULL,NULL,"1","0","2017-11-27 11:54:00","2018-05-12 13:33:00","2017-11-27 12:00:00","2017-12-31 12:00:00","0","0","0","4125","93","9310",NULL,"7.783","99.799",,"2","0","0","0","23","23","182.232.187.49","Safari","iPhone","11.0","0","0",,"0",NULL,"0",NULL,"0",NULL,"0",NULL,"0",NULL,"218",NULL,"0","1","2017-11-27 11:54:00","23","1"
"29","HKT014","phiphi-bamboo-island","uploads/products/phi_phi_24_custom_20b3366d47d41466f4827f442e3aa128.jpg","12-70","4-11",NULL,"1-3",NULL,"0","1","2017-12-25 18:24:00","2022-11-04 13:56:02","2017-12-25 12:00:00","2020-12-31 12:00:00","0","0","0","4727","83","8301","0","7.904","98.308",,"2","1","0","0","23","23","182.53.50.51","Chrome","Windows","106.0.0.0","1","1","19:00","0",NULL,"0",NULL,"0",NULL,"0",NULL,"0",NULL,"218",NULL,"0","1","2017-12-25 18:24:00","23","166"
"30","PV12345","pv12345",NULL,NULL,NULL,NULL,NULL,NULL,"0","0","2017-12-26 11:47:00","2018-06-05 15:10:00","2017-12-26 12:00:00","2017-12-31 12:00:00","0","0","0","4906","83","8302",NULL,"7.904","98.308",,"1","0","0","0","23","23","183.89.196.75","Chrome","Windows","49.0.2623.112","0","0",,"0",NULL,"0",NULL,"0",NULL,"0",NULL,"0",NULL,"218",NULL,"0","1","2017-12-26 11:47:00","23","0"
"31","SNC12345","snc12345",NULL,NULL,NULL,NULL,NULL,NULL,"0","0","2017-12-26 12:13:00","2020-12-31 11:54:00","2017-12-26 12:00:00","2017-12-31 12:00:00","0","0","0","4740","83","8302","0","7.914","98.338",,"2","0","0","0","23","24","171.5.161.158","Chrome","Windows","68.0.3440.106","0","0",,"0",NULL,"0",NULL,"0",NULL,"0",NULL,"0",NULL,"218",NULL,"0","1","2017-12-26 12:13:00","23","0"
"32","1","1",NULL,NULL,NULL,NULL,NULL,NULL,"1","1","2017-12-26 12:56:00","2017-12-26 12:56:00","2017-12-26 12:00:00","2017-12-26 12:00:00","0","0","0","135","0","0",NULL,"13.762","100.495",,"2","0","0","0","23","10","27.254.36.42","Chrome","Macintosh","63.0.3239.84","0","0",,"0",NULL,"0",NULL,"0",NULL,"0",NULL,"0",NULL,"218",NULL,"0","1","2017-12-26 12:56:00","23","0"
"33","HKT033","phuket-elephant-care-and-rafting","uploads/products/tt1_6224_custom_7d57095bb858974857382a713b28ffe8.jpg","12+","4-11",NULL,"0-3",NULL,"0","0","2017-12-26 13:12:00","2020-12-31 10:31:53","2017-12-26 12:00:00","2020-12-31 12:00:00","0","0","0","4737","83","8301","0","7.904","98.308",,"2","0","0","0","23","23","49.230.163.192","Safari","iPhone","13.1","1","1","20:00","0",NULL,"0",NULL,"0",NULL,"0",NULL,"0",NULL,"218",NULL,"0","1","2017-12-26 13:12:00","23","30"
"34","HKT035","phuketfantasea","uploads/products/b-phuket-fantasea-show03_2144083477313951e1c1e950dd67ee7e.jpg","140 cm.+","101-140cm.",NULL,"&lt;100 cm.",NULL,"0","1","2017-12-26 18:39:00","2023-03-12 15:25:18","2017-12-26 12:00:00","2020-12-31 12:00:00","1","1","0","4735","83","8302","0","7.945","98.289",,"2","0","0","0","23","24","35.191.21.240","Chrome","Macintosh","109.0.0.0","1","0","17:30","0",NULL,"0",NULL,"0",NULL,"0",NULL,"0",NULL,"218",NULL,"0","1","2017-12-26 18:39:00","23","1628"
"35","KBV001","phi-phi-island-tour-krabi","uploads/products/dsc_3023_custom_ba90567a7f00eeca171a28b1125e83f7.jpg","11+","4-10",NULL,"1-3",NULL,"0","1","2017-12-26 19:57:00","2022-08-24 16:09:53","2017-12-26 12:00:00","2018-12-31 12:00:00","0","0","0","1882","81","8101","0","7.616","98.863",,"2","0","0","0","23","23","171.5.13.188","Chrome","Windows","104.0.0.0","1","1","18:00","0",NULL,"0",NULL,"0",NULL,"0",NULL,"0",NULL,"218",NULL,"0","1","2017-12-26 19:57:00","23","101"
"50","BKK013","bangkok-dream-world","uploads/products/dream_world_thumbnail_e02b376370b3226e2d2bf2f1e73a6877.jpg",">140cm.","90-140cm.",NULL,"&lt;90cm.",NULL,"0","1","2018-01-14 18:59:00","2023-03-12 15:20:11","2018-01-14 12:00:00","2023-01-31 12:00:00","1","0","0","278","10","1036","0","13.772","100.513",,"2","0","0","0","23","24","35.191.28.16","Chrome","Macintosh","109.0.0.0","1","0","12:00","0",NULL,"0",NULL,"0",NULL,"0",NULL,"0",NULL,"218",NULL,"0","1","2018-01-14 18:59:00","23","980"
"39","HKT027","phi-phi-island-deluxe-6-island","uploads/products/thumbnail_custom_4a6179a2e4eaba5935f1b32c99d1e106.jpg",NULL,NULL,NULL,NULL,NULL,"0","0","2018-01-06 14:32:00","2021-12-02 11:38:00","2018-01-06 12:00:00","2020-01-31 12:00:00","0","0","0","4737","83","8301","0","7.843","98.341",,"2","0","0","0","23","23","171.5.163.3","Chrome","Windows","87.0.4280.88","1","1","20:00","0",NULL,"0",NULL,"0",NULL,"0",NULL,"0",NULL,"218",NULL,"0","1","2018-01-06 14:32:00","23","21"
"74","HKT016","maitonisland",NULL,NULL,NULL,NULL,NULL,NULL,"0","0","2018-03-07 12:22:05","2018-03-28 16:16:10","2018-03-07 12:00:00","2018-03-07 12:00:00","0","0","0","4907","83","8301",NULL,"7.843","98.341",,"2","0","0","0","23","23","183.89.139.158","Chrome","Windows","49.0.2623.112","0","0",,"0",NULL,"0",NULL,"0",NULL,"0",NULL,"0",NULL,"218",NULL,"0","1","2018-03-07 12:22:05","23","0"
"36","SM0001","sm0001","uploads/products/dsc_0073_custom_f5f9e6c7501d335618fda8594875c997.jpg",NULL,NULL,NULL,NULL,NULL,"0","0","2017-12-27 18:29:00","2018-06-22 15:35:00","2017-12-27 12:00:00","2020-12-31 12:00:00","0","0","0","6263","84","8404","5","9.152","99.295",,"2","0","0","0","23","24","14.207.75.37","Chrome","Windows","49.0.2623.112","0","0",,"0",NULL,"0",NULL,"0",NULL,"0",NULL,"0",NULL,"218",NULL,"0","1","2017-12-27 18:29:00","23","0"
"37","SUPPLIER01","supplier01","uploads/products/phuket-best-nightlife_d56f03de9b7d41e1eaa9b0d4e5126ade.jpg",NULL,NULL,NULL,NULL,NULL,"0","0","2018-01-04 13:09:00","2018-08-03 17:53:05","2018-01-04 12:00:00","2023-02-16 12:00:00","0","0","0","259","10","1005","0","13.772","100.513",,"1","0","0","0","23","10","180.183.245.235","Chrome","Macintosh","68.0.3440.84","0","0",,"0",NULL,"0",NULL,"0",NULL,"0",NULL,"0",NULL,"218",NULL,"0","1","2018-01-04 13:09:00","23","0"
"45","HKT032","phangnga-bay-sea-kayak","uploads/products/thumbnail_custom_4e066fa90a8f83bc401255ef0dced44c.jpg",NULL,NULL,NULL,NULL,NULL,"0","0","2018-01-07 15:18:00","2020-12-31 11:53:00","2018-01-07 12:00:00","2018-02-28 12:00:00","0","0","0","4737","83","8301","0","7.843","98.341",,"2","0","0","0","23","23","171.5.29.237","Chrome","Windows","81.0.4044.129","0","0",,"0",NULL,"0",NULL,"0",NULL,"0",NULL,"0",NULL,"218",NULL,"0","1","2018-01-07 15:18:00","23","4"
"38","HKT025","phuket-city-tour","uploads/products/dscf4529_custom_d382f4940921e760bcb839bb6cf88803.jpg","12-99","4-11",NULL,"0-3",NULL,"0","1","2018-01-05 14:47:00","2022-12-05 12:16:41","2018-01-05 12:00:00","2020-01-31 12:00:00","0","0","0","4737","83","8301","0","7.843","98.341",,"2","0","0","0","23","23","171.5.6.200","Safari","iPhone","15.6","0","0",,"0",NULL,"0",NULL,"0",NULL,"0",NULL,"0",NULL,"218",NULL,"0","1","2018-01-05 14:47:00","23","560"
"40","KHAI0001","khai0001","uploads/products/mg_6688_thumbnail_4f664c3aac0490ef9f683c7558f0aec5.jpg",NULL,NULL,NULL,NULL,NULL,"0","0","2018-01-06 15:42:00","2020-03-04 21:32:00","2018-01-06 12:00:00","2020-01-31 12:00:00","0","0","0","4737","83","8301","0","7.843","98.341",,"2","0","0","0","23","23","49.229.72.92","Safari","iPhone","12.0","1","1","20:00","0",NULL,"0",NULL,"0",NULL,"0",NULL,"0",NULL,"218",NULL,"0","1","2018-01-06 15:42:00","23","2"
"41","KHAI0002","khai0002","uploads/products/mg_6631_thumbnail_44f40e3273ff61a2d5804022c74ca4bd.jpg",NULL,NULL,NULL,NULL,NULL,"0","0","2018-01-06 16:18:00","2020-03-04 21:32:00","2018-01-06 12:00:00","2020-01-31 12:00:00","0","0","0","4731","83","8301","0","7.834","98.423",,"2","0","0","0","23","23","49.229.72.92","Safari","iPhone","12.0","0","0",,"0",NULL,"0",NULL,"0",NULL,"0",NULL,"0",NULL,"218",NULL,"0","1","2018-01-06 16:18:00","23","11"
"42","HKT042","half-day-phi-phi-island","uploads/products/img_9804_custom_c31a66c7ba6bf31bc01aabeb1ec5660b.jpg","12+","4-11",NULL,"0-3",NULL,"0","0","2018-01-06 16:43:00","2021-12-02 11:38:00","2018-01-06 12:00:00","2020-01-31 12:00:00","0","0","0","4734","83","8301","0","7.888","98.394",,"2","0","0","0","23","23","171.5.163.3","Chrome","Windows","87.0.4280.88","1","1","20:00","0",NULL,"0",NULL,"0",NULL,"0",NULL,"0",NULL,"218",NULL,"0","1","2018-01-06 16:43:00","23","12"
"43","HKT021","similan-island","uploads/products/สมลน_1_custom_cea6a9aaf05a0f4e346d7547698406d7.jpg","12+","4-11",NULL,"1-3",NULL,"0","1","2018-01-06 19:00:00","2022-09-21 12:49:00","2018-01-06 12:00:00","2020-01-29 12:00:00","0","0","0","4728","83","8301","0","7.821","98.285",,"2","1","0","0","23","23","171.5.14.130","Chrome","Windows","105.0.0.0","1","1","20:00","0",NULL,"0",NULL,"0",NULL,"0",NULL,"0",NULL,"218",NULL,"0","1","2018-01-06 19:00:00","23","141"
"68","HKT010","khaolakdiscovery","uploads/products/file2_custom_custom_bc8b4a53bb1637ec50863267708300ef.jpg",NULL,NULL,NULL,NULL,NULL,"0","0","2018-02-24 18:36:00","2020-12-31 11:57:00","2018-02-24 12:00:00","2023-02-28 12:00:00","0","0","0","4737","83","8301","0","7.843","98.341",,"2","0","0","0","23","23","171.5.29.237","Chrome","Windows","81.0.4044.129","1","1","18:00","0",NULL,"0",NULL,"0",NULL,"0",NULL,"0",NULL,"218",NULL,"0","1","2018-02-24 18:36:00","23","7"
"44","HKT034","koh-rok-island-from-phuket","uploads/products/dsc_7517_custom_94c332419f27fd866cc9d4485aabd14b.jpg","12+","4-11",NULL,"0-3",NULL,"0","0","2018-01-07 12:47:00","2021-12-02 11:38:00","2018-01-07 12:00:00","2020-01-31 12:00:00","0","0","0","4731","83","8301","0","7.834","98.423",,"2","0","0","0","23","23","171.5.163.3","Chrome","Windows","87.0.4280.88","1","1","18:00","0",NULL,"0",NULL,"0",NULL,"0",NULL,"0",NULL,"218",NULL,"0","1","2018-01-07 12:47:00","23","5"
"46","HKT041","phi-phi-island-khai-island","uploads/products/c5b17946-c338-4ece-a6f1-3463bdcf1ccd_ca5549d8446aa198ce32f005d79fb209.jpeg","12-70","4-11",NULL,"1-3",NULL,"0","1","2018-01-10 13:33:00","2022-12-04 15:29:05","2018-01-10 12:00:00","2025-01-31 12:00:00","0","0","0","4734","83","8301","0","7.888","98.394",,"2","0","0","0","23","23","171.5.6.200","Chrome","Windows","108.0.0.0","1","1","21:30","0",NULL,"0",NULL,"0",NULL,"0",NULL,"0",NULL,"218",NULL,"0","1","2018-01-10 13:33:00","23","570"
"47","HKT036","half-day-khai-island","uploads/products/img_4776_thumbnail_custom_39dd7017f02a6d961b24736b64e59e7a.jpg","12+","4-11",NULL,"0-3",NULL,"0","1","2018-01-10 13:38:00","2022-12-30 17:18:20","2018-01-10 12:00:00","2023-01-31 12:00:00","0","0","0","4731","83","8301","0","7.834","98.423",,"2","0","0","0","23","23","49.230.240.183","Safari","iPhone","15.6","0","0",,"0",NULL,"0",NULL,"0",NULL,"0",NULL,"0",NULL,"218",NULL,"0","1","2018-01-10 13:38:00","23","403"
"48","HKT057","koh-hong-krabi","uploads/products/mg_7686_custom_2_0fc3be54b698200a7c036107a29faaa7.jpg","12+","3-11",NULL,"0-2",NULL,"0","0","2018-01-10 13:50:00","2020-12-31 11:46:00","2018-01-10 12:00:00","2023-01-31 12:00:00","0","0","0","4731","83","8301","0","7.834","98.423",,"2","0","0","0","23","23","171.5.29.237","Chrome","Windows","81.0.4044.129","1","1","17:00","0",NULL,"0",NULL,"0",NULL,"0",NULL,"0",NULL,"218",NULL,"0","1","2018-01-10 13:50:00","23","3"
"49","HKT066","siam-niramit-phuket","uploads/products/images_3b7c9ff7fd9cf3b1cc5406303084b045.jpg","12+","4-11",NULL,"0-3",NULL,"0","1","2018-01-14 17:31:00","2022-11-11 18:03:00","2018-01-01 12:00:00","2023-01-01 12:00:00","0","0","0","4727","83","8301","0","13.772","100.513",,"2","1","0","0","23","23","171.5.5.169","Chrome","Windows","107.0.0.0","1","0","14:35","0",NULL,"0",NULL,"0",NULL,"0",NULL,"0",NULL,"218",NULL,"0","1","2018-01-14 17:31:00","23","245"
"51","HKT052","dolphin-bay-phuket","uploads/products/dolphins_bay_phuket_22_custom_b24c66fc97594e55fa18ee7bb989ca09.jpg","12-99","4-11",NULL,"0-3",NULL,"0","1","2018-01-16 10:51:00","2023-03-12 15:17:53","2018-01-16 10:00:00","2023-01-31 12:00:00","1","1","0","4737","83","8301","0","7.843","98.341",,"2","0","0","0","23","24","35.191.28.24","Chrome","Macintosh","109.0.0.0","0","0",,"0",NULL,"0",NULL,"0",NULL,"0",NULL,"0",NULL,"218",NULL,"0","1","2018-01-16 10:51:00","23","1165"
"52","HKT054","james-bond-with-sea-canoe","uploads/products/dsc08205_custom_2_7d6ffb6f36524f5b9c380d8f861282b6.jpg","12+","4-11",NULL,"1-3",NULL,"0","0","2018-01-16 19:08:00","2020-12-31 11:53:00","2018-01-01 12:00:00","2023-01-01 12:00:00","0","0","0","4737","83","8301","0","7.843","98.341",,"2","0","0","0","23","23","171.5.29.237","Chrome","Windows","81.0.4044.129","1","1","22:00","0",NULL,"0",NULL,"0",NULL,"0",NULL,"0",NULL,"218",NULL,"0","1","2018-01-16 19:08:00","23","247"
"53","HKT026","james-bond-island-cruise","uploads/products/thumbnail_custom_5d32699558663ddabe876c54fdd424f1.jpg",NULL,NULL,NULL,NULL,NULL,"0","0","2018-01-18 16:24:00","2018-12-18 09:56:00","2018-01-18 12:00:00","2023-01-31 12:00:00","0","0","0","4731","83","8301","0","7.834","98.423",,"2","0","0","0","23","24","171.5.161.158","Chrome","Windows","68.0.3440.106","0","0",,"0",NULL,"0",NULL,"0",NULL,"0",NULL,"0",NULL,"218",NULL,"0","1","2018-01-18 16:24:00","23","6"
"54","HKT001","phuket-kapong-tubing","uploads/products/photo-22_custom_208c406487ad5f6b0194365f045657ef.jpg","12-60","5-11",NULL,"0-4",NULL,"0","0","2018-01-20 14:19:00","2020-12-31 11:45:00","2018-01-20 12:00:00","2023-01-31 12:00:00","0","0","0","4737","83","8301","0","7.843","98.341",,"2","0","0","0","23","23","171.5.29.237","Chrome","Windows","81.0.4044.129","1","1","19:00","0",NULL,"0",NULL,"0",NULL,"0",NULL,"0",NULL,"218",NULL,"0","1","2018-01-20 14:19:00","23","10"
"55","HKT002","splashjungle","uploads/products/splash_jungle_01-05-2010_091_custom_aee6dca3c4d611629721afca614db159.jpg","12+","5-11","60+","0-4",NULL,"0","1","2018-01-20 18:21:00","2023-03-12 15:16:37","2018-01-20 12:00:00","2023-01-31 12:00:00","1","1","0","4741","83","8303","0","8.147","98.318",,"2","1","0","0","23","24","35.191.28.22","Chrome","Macintosh","109.0.0.0","1","0","16:00","0",NULL,"0",NULL,"0",NULL,"0",NULL,"0",NULL,"218",NULL,"0","1","2018-01-20 18:21:00","23","1941"
"56","HKT003","surf-house-patong","uploads/products/surf-house-patong-02_custom_e2867c084d5e89c3cc97dee7b68c4439.jpg","133 cm.+","107 cm.",NULL,NULL,NULL,"0","0","2018-01-20 19:16:00","2021-12-02 11:37:00","2018-01-20 12:00:00","2023-01-31 12:00:00","0","0","0","4736","83","8302","0","7.904","98.308",,"2","0","0","0","23","23","171.5.29.237","Chrome","Windows","81.0.4044.129","0","0",,"0",NULL,"0",NULL,"0",NULL,"0",NULL,"0",NULL,"218",NULL,"0","1","2018-01-20 19:16:00","23","83"
"57","HKT004","raya-coral-island","uploads/products/img_8903_e98379acd248179941a527ccc73399f9.jpg","12-65","4-11",NULL,"0-3",NULL,"0","1","2018-01-21 13:36:00","2020-12-31 15:42:56","2018-01-21 12:00:00","2023-01-31 12:00:00","0","0","0","4737","83","8301","0","7.843","98.341",,"2","1","0","0","23","23","171.5.163.3","Chrome","Windows","87.0.4280.88","1","1","21:00","0",NULL,"0",NULL,"0",NULL,"0",NULL,"0",NULL,"218",NULL,"0","1","2018-01-21 13:36:00","23","21"
"58","HKT005","jamesbondkhai","uploads/products/james_bond_island_3_custom_929384d97e9af3bf56b0aef839bd371d.jpg","12+","4-11",NULL,"1-3",NULL,"0","1","2018-01-21 15:02:00","2020-05-06 14:37:19","2018-01-21 12:00:00","2023-01-31 12:00:00","0","0","0","4737","83","8301","0","7.843","98.341",,"2","0","0","0","23","23","171.5.29.237","Chrome","Windows","81.0.4044.129","1","1","20:00","0",NULL,"0",NULL,"0",NULL,"0",NULL,"0",NULL,"218",NULL,"0","1","2018-01-21 15:02:00","23","42"
"59","HKT006","surinisland","uploads/products/thumbnail_fb8e52069cbdef2e35ed44b52dd6089f.jpg",NULL,NULL,NULL,NULL,NULL,"0","0","2018-01-25 19:44:00","2021-12-26 23:41:09","2018-01-25 12:00:00","2023-02-28 12:00:00","0","0","0","4737","83","8301","0","7.843","98.341",,"2","0","0","0","23","23","171.5.167.135","Chrome","Windows","96.0.4664.110","1","1","20:00","0",NULL,"0",NULL,"0",NULL,"0",NULL,"0",NULL,"218",NULL,"0","1","2018-01-25 19:44:00","23","3"
"60","HKT007","phuketrafting","uploads/products/rafting-10_custom_eb23eed0a4ecf5e5b42ba5b9905239b9.jpg","12+","4-11",NULL,"1-3",NULL,"0","0","2018-01-28 15:32:00","2021-12-02 11:36:00","2018-01-28 12:00:00","2023-01-31 12:00:00","0","0","0","4737","83","8301","0","7.843","98.341",,"2","0","0","0","23","23","171.5.163.3","Chrome","Windows","87.0.4280.88","1","1","22:00","0",NULL,"0",NULL,"0",NULL,"0",NULL,"0",NULL,"218",NULL,"0","1","2018-01-28 15:32:00","23","139"
"61","HKT0008","jamesbond001","uploads/products/jb_island-10_custom_0490c26582e33c4e6e71eba54802330f.jpg",NULL,NULL,NULL,NULL,NULL,"0","0","2018-02-01 15:13:00","2018-08-12 21:03:10","2018-02-01 12:00:00","2023-02-28 12:00:00","0","0","0","4737","83","8301","0","7.843","98.341",,"2","0","0","0","23","24","171.5.161.158","Chrome","Windows","68.0.3440.106","0","0",,"0",NULL,"0",NULL,"0",NULL,"0",NULL,"0",NULL,"218",NULL,"0","1","2018-02-01 15:13:00","23","0"
"62","HKT0009","jamebond002","uploads/products/jb_island-10_custom_a59b8f72e913f5edc33e8305b9a93caf.jpg",NULL,NULL,NULL,NULL,NULL,"0","0","2018-02-01 18:21:00","2018-08-12 21:04:59","2018-02-01 12:00:00","2023-02-28 12:00:00","0","0","0","4737","83","8301","0","7.843","98.341",,"2","0","0","0","23","24","171.5.161.158","Chrome","Windows","68.0.3440.106","0","0",,"0",NULL,"0",NULL,"0",NULL,"0",NULL,"0",NULL,"218",NULL,"0","1","2018-02-01 18:21:00","23","0"
"63","BKK002","flyingthegibbon","uploads/products/abseil-bangkok-zipline_35311d1a249778eae09bfeb2966ba212.jpg",NULL,NULL,NULL,NULL,NULL,"0","0","2018-02-04 20:01:00","2018-03-28 15:19:00","2018-02-04 12:00:00","2023-02-28 12:00:00","0","0","0","138","10","1001",NULL,"13.762","100.503",,"2","0","0","0","23","10","27.254.36.42","Chrome","Macintosh","63.0.3239.132","0","0",,"0",NULL,"0",NULL,"0",NULL,"0",NULL,"0",NULL,"218",NULL,"0","1","2018-02-04 20:01:00","23","0"
"64","BKK001","bangkokgrandpalace","uploads/products/grandpalace_301f444ea91b60844d2b6e457c931a5a.jpg","12+","3-11",NULL,"0-2",NULL,"0","0","2018-02-10 14:09:00","2022-12-27 12:46:38","2018-02-10 12:00:00","2023-02-28 12:00:00","0","0","0","138","10","1001","0","13.762","100.503",,"1","0","0","0","23","23","202.7.244.219","Safari","Macintosh","15.6.1","1","1","19:00","0",NULL,"0",NULL,"0",NULL,"0",NULL,"0",NULL,"218",NULL,"0","1","2018-02-10 14:09:00","23","1"
"71","HKT013","similan2days1night","uploads/products/สมลน_36_custom_custom_5bab549aca6a04334aa6495571fa3fc3.jpg",NULL,NULL,NULL,NULL,NULL,"0","0","2018-02-28 19:15:48","2019-04-11 11:58:52","2018-02-28 12:00:00","2018-02-28 12:00:00","0","0","0","4727","83","8301","0","7.924","98.455",,"2","0","0","0","23","24","182.232.8.206","Safari","iPhone","12.1","1","1","20:00","0",NULL,"0",NULL,"0",NULL,"0",NULL,"0",NULL,"218",NULL,"0","1","2018-02-28 19:15:48","23","3"
"65","BKK003","bangkok-damnoen-saduak-floating-market-tour","uploads/products/damnoen_saduak_floating_market_0b0da8d310e38fd081847b5ad1615a40.jpg","12+","3-11",NULL,"0-2",NULL,"0","0","2018-02-11 20:34:00","2021-12-02 11:35:00","2018-02-11 12:00:00","2023-02-28 12:00:00","0","0","0","138","10","1001","0","13.762","100.503",,"2","0","0","0","23","23","171.5.163.3","Chrome","Windows","87.0.4280.88","1","1","19:00","0",NULL,"0",NULL,"0",NULL,"0",NULL,"0",NULL,"218",NULL,"0","1","2018-02-11 20:34:00","23","25"
"66","BKK0003","bangkoktemple","uploads/products/img_7486_custom_2_67d45bc6da14b03db54f98a4068e3b14.jpg",NULL,NULL,NULL,NULL,NULL,"0","0","2018-02-14 18:15:00","2018-03-28 15:18:00","2018-02-14 12:00:00","2023-02-28 12:00:00","0","0","0","138","10","1001",NULL,"13.762","100.503",,"2","0","0","0","23","23","171.5.13.49","Chrome","Windows","64.0.3282.167","0","0",,"0",NULL,"0",NULL,"0",NULL,"0",NULL,"0",NULL,"218",NULL,"0","1","2018-02-14 18:15:00","23","0"
"67","ฺBKK004","ayutthaya-river-cruise","uploads/products/phra-nakhon-si-ayutthaya-2306509_960_720_9b38158a5af79d0b2d735a1c8978dc08.jpg",NULL,NULL,NULL,NULL,NULL,"0","0","2018-02-14 18:33:00","2018-06-22 16:20:00","2018-02-14 12:00:00","2023-02-28 12:00:00","0","0","0","138","10","1001","0","13.762","100.503",,"2","0","0","0","23","23","14.207.72.213","Chrome","Windows","67.0.3396.87","0","0",,"0",NULL,"0",NULL,"0",NULL,"0",NULL,"0",NULL,"218",NULL,"0","1","2018-02-14 18:33:00","23","0"
"69","HKT011","khaosok","uploads/products/khaosok_a5e9e93c406602e28fc58a5a5ebf9d91.jpg","12+","4-11",NULL,"0-3",NULL,"0","1","2018-02-24 22:25:00","2022-09-29 13:45:00","2018-02-24 12:00:00","2023-02-28 12:00:00","0","0","1","4737","83","8301","0","7.843","98.341",,"2","0","0","0","23","23","171.5.29.237","Chrome","Windows","81.0.4044.129","1","2","18:00","0",NULL,"0",NULL,"0",NULL,"0",NULL,"0",NULL,"218",NULL,"0","1","2018-02-24 22:25:00","23","12"
"70","HKT012","cheowlan","uploads/products/pkt_1160_preview_d6c7dc5884bedb7c220ddaf8329b9830.jpeg","11-99","4-10",NULL,"0-3",NULL,"0","0","2018-02-24 23:05:00","2018-09-18 22:00:00","2018-02-24 12:00:00","2023-02-28 12:00:00","0","0","0","4737","83","8301","0","7.843","98.341",,"2","0","0","0","23","23","223.207.198.128","Chrome","Windows","69.0.3497.92","1","2","12:30","0",NULL,"0",NULL,"0",NULL,"0",NULL,"0",NULL,"218",NULL,"0","1","2018-02-24 23:05:00","23","1"
"75","HKT017","sukko-spa","uploads/products/thumbnail_9f453f3ac7e66495143b4026ebb46a43.jpg",NULL,NULL,NULL,NULL,NULL,"0","0","2018-03-07 14:17:26","2021-12-02 11:35:00","2018-03-07 12:00:00","2018-03-07 12:00:00","0","0","0","4737","83","8301","0","7.843","98.341",,"2","0","0","0","23","23","171.5.163.3","Chrome","Windows","87.0.4280.88","1","0","20:00","0",NULL,"0",NULL,"0",NULL,"0",NULL,"0",NULL,"218",NULL,"0","1","2018-03-07 14:17:26","23","12"
"72","private-price-examlple","private-price-examlple","uploads/products/slide-promotion_9985a6c2f975865a36adc8e1bd24f3b2.jpg",NULL,NULL,NULL,NULL,NULL,"1","0","2018-03-02 01:46:32","2021-10-19 12:18:00","2018-03-02 12:00:00","2018-03-02 12:00:00","1","0","0","184","10","1002","0","13.772","100.513",,"1","0","0","0","23","10","180.183.245.235","Chrome","Macintosh","66.0.3359.139","0","0",,"0",NULL,"0",NULL,"0",NULL,"0",NULL,"0",NULL,"218",NULL,"0","1","2018-03-02 01:46:32","23","1"
"73","HKT015","flyinghanuman","uploads/products/thumbnail_flying_hanuman_c371117d75b14a472a6169c69e6c9ca6.jpg","12-60","4-11",NULL,"0-3",NULL,"0","1","2018-03-06 14:17:36","2023-01-10 15:12:31","2018-03-06 12:00:00","2018-03-06 12:00:00","1","1","0","4740","83","8302","0","7.914","98.338",,"2","0","0","0","23","23","171.5.4.26","Chrome","Windows","108.0.0.0","1","0","11:00","0",NULL,"0",NULL,"0",NULL,"0",NULL,"0",NULL,"218",NULL,"0","1","2018-03-06 14:17:36","23","381"
"76","PNA001","khaolaksimilan","uploads/products/สมลน_1_custom_2_d5b51941a35a6ed2e4dc3e5eed652530.jpg","12+","4-11",NULL,"1-3",NULL,"0","1","2018-03-07 16:15:37","2022-09-21 12:50:00","2018-03-07 12:00:00","2018-03-07 12:00:00","0","0","0","3905","82","8208","3","8.536","98.277",,"2","1","1","3","23","23","171.5.14.130","Chrome","Windows","105.0.0.0","1","1","20:00","0",NULL,"0",NULL,"0",NULL,"0",NULL,"0",NULL,"218",NULL,"0","1","2018-03-07 16:15:37","23","74"
"77","HKT018","phuketsafaritour","uploads/products/2_39b3ef1f55f460eb8cd9a24ef127eb29.jpg",NULL,NULL,NULL,NULL,NULL,"0","0","2018-03-10 16:12:06","2021-12-02 11:35:00","2018-03-10 12:00:00","2018-03-10 12:00:00","0","0","0","4728","83","8301","0","7.821","98.285",,"2","0","0","0","23","23","171.5.163.3","Chrome","Windows","87.0.4280.88","0","0",,"0",NULL,"0",NULL,"0",NULL,"0",NULL,"0",NULL,"218",NULL,"0","1","2018-03-10 16:12:06","23","2"
"78","HKT019","phuketecosafari","uploads/products/ox-cart_custom_2_516b9af17ae661c90a0cd48f1f83d54d.jpg",NULL,NULL,NULL,NULL,NULL,"0","0","2018-03-10 17:09:32","2021-12-02 11:35:00","2018-03-10 12:00:00","2018-03-10 12:00:00","0","0","0","4737","83","8301","0","7.843","98.341",,"2","0","0","0","23","23","171.5.163.3","Chrome","Windows","87.0.4280.88","0","0",,"0",NULL,"0",NULL,"0",NULL,"0",NULL,"0",NULL,"218",NULL,"0","1","2018-03-10 17:09:32","23","4"
"79","HKT020","phukethalfdaysafari","uploads/products/dsc_0073_custom_763f53b8149447a38cddc04d39c75cb7.jpg",NULL,NULL,NULL,NULL,NULL,"0","0","2018-03-10 17:56:31","2020-12-31 11:50:00","2018-03-10 12:00:00","2018-03-10 12:00:00","0","0","0","4737","83","8301","0","7.843","98.341",,"2","0","0","0","23","24","49.230.113.56","Safari","iPhone","13.0.4","1","1","18:00","0",NULL,"0",NULL,"0",NULL,"0",NULL,"0",NULL,"218",NULL,"0","1","2018-03-10 17:56:31","23","26"
"80","HKT022","phuket-elephant-park","uploads/products/21077528_1359467264166824_1244077537250823546_n_488911d0e763204228f543cc526a0670.jpg","12","4",NULL,"3",NULL,"0","0","2018-03-15 13:53:32","2020-12-31 11:49:00","2018-03-15 12:00:00","2018-03-15 12:00:00","0","0","0","4732","83","8303","0","8.028","98.461",,"2","0","0","0","23","23","171.5.29.237","Chrome","Windows","81.0.4044.129","0","0",,"0",NULL,"0",NULL,"0",NULL,"0",NULL,"0",NULL,"218",NULL,"0","1","2018-03-15 13:53:32","23","7"
"81","HKT023","phuket-elephant-sanctuary","uploads/products/phuket_elephant_sanctuary_25_thumbnail_25dc21553027663bb46e095656882a04.jpg","12+","4-11",NULL,"0-3",NULL,"0","1","2018-03-15 16:51:57","2020-12-31 15:40:51","2018-03-15 12:00:00","2018-03-15 12:00:00","0","0","0","4732","83","8303","0","8.028","98.461",,"2","0","0","0","23","23","171.5.163.3","Chrome","Windows","87.0.4280.88","1","1","20:00","0",NULL,"0",NULL,"0",NULL,"0",NULL,"0",NULL,"218",NULL,"0","1","2018-03-15 16:51:57","23","60"
"82","HKT024","hanumanworld","uploads/products/spiral-staircases-1_thumbnail_2252908187dbee7ac955ad3c68958c58.jpg","12-65","4-11",NULL,"0-3",NULL,"0","1","2018-03-17 12:55:16","2022-11-08 22:13:10","2018-03-17 12:00:00","2018-03-17 12:00:00","0","1","0","4737","83","8301","0","7.843","98.341",,"2","0","0","0","23","23","49.230.161.153","Safari","iPhone","15.6","1","0","11:00","0",NULL,"0",NULL,"0",NULL,"0",NULL,"0",NULL,"218",NULL,"0","1","2018-03-17 12:55:16","23","343"
"83","HKT028","phi-phi-island-cruise","uploads/products/thumbnail_4b81b225cb437494855e1f5587aa0806.jpg","12+","4-11",NULL,"0-3",NULL,"0","1","2018-03-22 11:54:17","2022-05-09 12:35:39","2018-03-22 12:00:00","2018-03-22 12:00:00","0","0","0","4731","83","8301","0","7.834","98.423",,"2","0","0","0","23","23","171.5.31.238","Chrome","Windows","101.0.4951.54","1","1","21:30","0",NULL,"0",NULL,"0",NULL,"0",NULL,"0",NULL,"218",NULL,"0","1","2018-03-22 11:54:17","23","216"
"84","HKT029","ferry-phuket-phi-phi","uploads/products/ตารางเดนเรอ_copy_211_thumbnail_custom_792cbba1c71649f1b558556ee2eb699c.jpg",NULL,NULL,NULL,NULL,NULL,"0","1","2018-03-22 16:54:07","2022-03-12 18:08:00","2018-03-22 12:00:00","2018-03-22 12:00:00","0","0","1","4731","83","8301","0","7.834","98.423",,"2","0","0","0","23","23","171.5.29.237","Chrome","Windows","81.0.4044.129","1","1","22:00","0",NULL,"0",NULL,"0",NULL,"0",NULL,"0",NULL,"218",NULL,"0","1","2018-03-22 16:54:07","23","45"
"85","HKT030","ferry-phuket-phi-phi-ao-nang","uploads/products/phuket_-_aonang_custom_299a53143a4df3b0f8925c5f3485a8b0.jpg",NULL,NULL,NULL,NULL,NULL,"0","0","2018-03-24 19:49:12","2018-03-24 20:04:56","2018-03-24 12:00:00","2018-03-24 12:00:00","0","0","0","4902","83","8301",NULL,"7.888","98.394",,"2","0","0","0","23","23","223.207.196.84","Chrome","Windows","65.0.3325.181","0","0",,"0",NULL,"0",NULL,"0",NULL,"0",NULL,"0",NULL,"218",NULL,"0","1","2018-03-24 19:49:12","23","0"
"86","HKT031","ferry-phuket-phi-phi-lanta",NULL,NULL,NULL,NULL,NULL,NULL,"0","0","2018-03-24 20:08:25","2018-06-19 17:41:00","2018-03-24 12:00:00","2018-03-24 12:00:00","0","0","0","4902","83","8301",NULL,"7.888","98.394",,"2","0","0","0","23","23","223.207.196.84","Chrome","Windows","65.0.3325.181","0","0",,"0",NULL,"0",NULL,"0",NULL,"0",NULL,"0",NULL,"218",NULL,"0","1","2018-03-24 20:08:25","23","0"
"87","HKT038","maiton-racha-island-catamaran","uploads/products/thumbnail_custom_84eb3aa35ffc699eb0a9a70171ab9fd5.jpg","12+","4-11",NULL,"0-3",NULL,"0","1","2018-03-30 18:56:49","2022-09-29 13:44:00","2018-03-30 12:00:00","2018-03-30 12:00:00","0","0","1","4737","83","8301","0","7.843","98.341",,"2","1","0","0","23","23","171.5.29.237","Chrome","Windows","81.0.4044.129","1","1","17:00","0",NULL,"0",NULL,"0",NULL,"0",NULL,"0",NULL,"218",NULL,"0","1","2018-03-30 18:56:49","23","8"
"88","HKT039","maiton-island-catamaran","uploads/products/maiton_island_by_sailing_catamaran_yacht_38_f746b8536b2ce328f52b4802f0d8fb89.jpg","12+","4-11",NULL,"1-3",NULL,"0","0","2018-03-30 19:47:44","2020-12-31 11:51:00","2018-03-30 12:00:00","2018-03-30 12:00:00","0","0","0","4737","83","8301","0","7.843","98.341",,"2","0","0","0","23","23","171.5.29.237","Chrome","Windows","81.0.4044.129","0","0",,"0",NULL,"0",NULL,"0",NULL,"0",NULL,"0",NULL,"218",NULL,"0","1","2018-03-30 19:47:44","23","4"
"89","HKT040","phuket-sunset-dinner-cruise","uploads/products/3s5a2412_custom_25825dcc06380c2ecdf02997b60bfc6c.jpg",NULL,NULL,NULL,NULL,NULL,"1","0","2018-04-07 16:48:44","2021-10-19 12:13:00","2018-04-07 12:00:00","2018-04-07 12:00:00","0","0","0","4905","83","8302",NULL,"7.945","98.289",,"2","0","0","0","23","23","171.5.164.24","Chrome","Windows","65.0.3325.181","0","0",,"0",NULL,"0",NULL,"0",NULL,"0",NULL,"0",NULL,"218",NULL,"0","1","2018-04-07 16:48:44","23","1"
"90","HKT043","phuket-simon-cabaret","uploads/products/thumbnail_custom_1adb0201ee860a5845dd47f7841dc1aa.jpg","12+","4-11",NULL,"0-3",NULL,"0","1","2018-04-29 13:19:17","2023-03-12 15:13:49","2018-04-29 12:00:00","2018-04-29 12:00:00","0","1","0","4736","83","8302","0","7.904","98.308",,"2","1","0","0","23","24","35.191.28.24","Chrome","Macintosh","109.0.0.0","0","0",,"0",NULL,"0",NULL,"0",NULL,"0",NULL,"0",NULL,"218",NULL,"0","1","2018-04-29 13:19:17","23","2966"
"91","PNA002","khaolak-surin-island","uploads/products/surin_island_13_e25f65fe7135d13208c60f5f793012e6.jpg","12-70","4-11",NULL,"1-3",NULL,"0","1","2018-05-02 18:47:45","2022-09-29 13:44:00","2018-05-02 12:00:00","2018-05-02 12:00:00","0","0","1","3918","82","8206","3","9.262","98.414",,"2","0","0","0","23","23","171.5.29.237","Chrome","Windows","81.0.4044.129","1","1","19:00","0",NULL,"0",NULL,"0",NULL,"0",NULL,"0",NULL,"218",NULL,"0","1","2018-05-02 18:47:45","23","33"
"92","PNA003","khaolak-phuket-fantasea","uploads/products/b-phuket-fantasea-show03_5d4a9c041e457a76b79b47f3906361bd.jpg","140+ cm.","101-140 cm.",NULL,"&lt; 100 cm.",NULL,"0","1","2018-05-03 14:38:39","2022-09-20 13:48:00","2018-05-03 12:00:00","2018-05-03 12:00:00","0","0","1","3908","82","8205","3","8.698","98.28",,"2","0","0","0","23","23","171.5.166.248","Chrome","Windows","87.0.4280.88","1","1","23:55","0",NULL,"0",NULL,"0",NULL,"0",NULL,"0",NULL,"218",NULL,"0","1","2018-05-03 14:38:39","23","29"
"93","BKK004","bangkok-private-group-city-tour","uploads/products/temple01_a011661cc8c17d0b54c25ca549d0e1cc.jpg",NULL,NULL,NULL,NULL,NULL,"0","0","2018-05-03 15:05:00","2019-06-24 17:53:00","2018-05-03 12:00:00","2018-05-03 12:00:00","0","0","0","164","10","1007","0","13.744","100.52",,"1","0","0","0","23","23","183.89.52.252","Chrome","Windows","49.0.2623.112","1","1","12:00","0",NULL,"0",NULL,"0",NULL,"0",NULL,"0",NULL,"218",NULL,"0","1","2018-05-03 15:05:00","23","3"
"94","BKK005","bangkok-temple-tour","uploads/products/image4_76c3c57c6d5ecc8244f628ebfbe8a281.jpeg",NULL,NULL,NULL,NULL,NULL,"0","0","2018-05-03 16:22:37","2022-12-27 13:27:12","2018-05-03 12:00:00","2018-05-03 12:00:00","0","0","0","138","10","1001","0","13.762","100.503",,"2","0","0","0","23","23","202.7.244.219","Safari","Macintosh","15.6.1","1","1","19:00","0",NULL,"0",NULL,"0",NULL,"0",NULL,"0",NULL,"218",NULL,"0","1","2018-05-03 16:22:37","23","6"
"95","BKK006","floating-market-and-rose-garden","uploads/products/ตลาดนำดำเนนสะดวก3_7812b2f4c8212e27a734f68bc35f7fa4.jpg",NULL,NULL,NULL,NULL,NULL,"0","0","2018-05-03 16:58:41","2020-12-31 11:52:00","2018-05-03 12:00:00","2018-05-03 12:00:00","0","0","0","138","10","1001","0","13.762","100.503",,"2","0","0","0","23","23","171.5.29.237","Chrome","Windows","81.0.4044.129","0","0",,"0",NULL,"0",NULL,"0",NULL,"0",NULL,"0",NULL,"218",NULL,"0","1","2018-05-03 16:58:41","23","2"
"96","PAT001","pattaya-coral-island","uploads/products/เกาะลาน-2_a8250e18f173068abdcfaa8afb42317c.jpg",NULL,NULL,NULL,NULL,NULL,"0","0","2018-05-04 11:03:33","2022-07-05 17:35:00","2018-05-04 12:00:00","2018-05-04 12:00:00","0","0","0","1255","20","2004","4","13.052","100.922",,"2","0","0","0","23","24","14.207.75.61","Chrome","Windows","49.0.2623.112","0","0",,"0",NULL,"0",NULL,"0",NULL,"0",NULL,"0",NULL,"218",NULL,"0","1","2018-05-04 11:03:33","23","0"
"97","PAT002","pattaya-flight-of-the-gibbon","uploads/products/bangkok-pattaya-flight-of-the-gibbon1_6165fd5af05b3aabbedc6992cd1830f9.jpg","12-70","4-11",NULL,"0-3",NULL,"0","1","2018-05-04 11:36:47","2022-09-29 13:43:00","2018-05-04 12:00:00","2018-05-04 12:00:00","0","0","1","1259","20","2004","4","12.91","100.884",,"2","0","0","0","23","23","171.5.29.237","Chrome","Windows","81.0.4044.129","1","1","20:00","0",NULL,"0",NULL,"0",NULL,"0",NULL,"0",NULL,"218",NULL,"0","1","2018-05-04 11:36:47","23","34"
"98","BKK007","bangkok-floating-market-crocodile-elephant","uploads/products/ganaral-051_92bec4875733b8fba9bc425b3d25d3de.jpg","12+","4-11",NULL,"0-3",NULL,"0","0","2018-05-04 17:50:37","2020-12-31 11:49:00","2018-05-04 12:00:00","2018-05-04 12:00:00","0","0","0","138","10","1001","0","13.762","100.503",,"2","0","0","0","23","23","171.5.29.237","Chrome","Windows","81.0.4044.129","1","1","18:00","0",NULL,"0",NULL,"0",NULL,"0",NULL,"0",NULL,"218",NULL,"0","1","2018-05-04 17:50:37","23","1"
"99","BKK008","bangkok-ayutthaya-river-sun-cruise","uploads/products/ayutthaya-by-river-sun-cruise-1024_6098419b885204f4803cf5e894595b6a.jpg",NULL,NULL,NULL,NULL,NULL,"0","0","2018-05-04 18:54:03","2021-12-02 11:34:00","2018-05-04 12:00:00","2018-05-04 12:00:00","0","0","0","138","10","1001","0","13.762","100.503",,"2","0","0","0","23","23","171.5.29.237","Chrome","Windows","81.0.4044.129","0","0",,"0",NULL,"0",NULL,"0",NULL,"0",NULL,"0",NULL,"218",NULL,"0","1","2018-05-04 18:54:03","23","3"
"100","HKT044","private-sailing-catamaran","uploads/products/img_8819thumbnail_8a4b06303527bb7f7059d57b74ab343b.jpg",NULL,NULL,NULL,NULL,NULL,"0","0","2018-05-05 14:15:08","2021-12-02 11:34:00","2018-05-05 12:00:00","2018-05-05 12:00:00","0","0","0","4737","83","8301","0","7.843","98.341",,"1","0","0","0","23","23","171.5.163.3","Chrome","Windows","87.0.4280.88","1","3","12:00","0",NULL,"0",NULL,"0",NULL,"0",NULL,"0",NULL,"218",NULL,"0","1","2018-05-05 14:15:08","23","7"
"101","BKK009","bangkok-ayutthaya-summer-palace-by-road","uploads/products/wat_yai_chai_mongkhon_f51629487d0ba1a278ccd2c7c0612048.jpg",NULL,NULL,NULL,NULL,NULL,"0","0","2018-05-05 15:34:41","2020-12-31 15:22:00","2018-05-05 12:00:00","2018-05-05 12:00:00","0","0","0","138","10","1001","0","13.762","100.503",,"2","0","0","0","23","23","171.5.29.237","Chrome","Windows","81.0.4044.129","0","0",,"0",NULL,"0",NULL,"0",NULL,"0",NULL,"0",NULL,"218",NULL,"0","1","2018-05-05 15:34:41","23","0"
"102","BKK010","bangkok-kanchanaburi-river-kwai-tour","uploads/products/the_death_railway_thumbnail_dfb0de18b155fab223bc90223d8f3e63.jpg","12+","3-11",NULL,"0-2",NULL,"0","1","2018-05-05 16:26:53","2022-03-12 18:08:00","2018-05-05 12:00:00","2018-05-05 12:00:00","0","0","1","138","10","1001","0","13.762","100.503",,"2","0","0","0","23","23","171.5.163.3","Chrome","Windows","87.0.4280.88","1","1","17:30","0",NULL,"0",NULL,"0",NULL,"0",NULL,"0",NULL,"218",NULL,"0","1","2018-05-05 16:26:53","23","182"
"103","BKK011","maeklong-railway-market-amphawa-floating-market","uploads/products/amphawa_thumbnail_375687122f07ca24b4b321aef0e10db6.jpg","12+","4-11",NULL,"0-3",NULL,"0","1","2018-05-10 14:22:32","2022-05-06 00:54:00","2018-05-10 12:00:00","2018-05-10 12:00:00","0","0","1","138","10","1001","0","13.762","100.503",,"2","0","0","0","23","23","171.5.163.3","Chrome","Windows","87.0.4280.88","1","1","18:00","0",NULL,"0",NULL,"0",NULL,"0",NULL,"0",NULL,"218",NULL,"0","1","2018-05-10 14:22:32","23","25"
"104","BKK012","bangkok-private-damnern-saduak-floating-market","uploads/products/ตลาดนำดำเนนสะดวก5_1434106957_custom_2_0683ef46b5c11b74bf510a70961ca743.jpg",NULL,NULL,NULL,NULL,NULL,"0","0","2018-05-12 10:43:18","2020-12-31 15:22:00","2018-05-12 12:00:00","2018-05-12 12:00:00","0","0","0","138","10","1001","0","13.762","100.503",,"1","0","0","0","23","23","171.5.29.237","Chrome","Windows","81.0.4044.129","1","2","20:00","0",NULL,"0",NULL,"0",NULL,"0",NULL,"0",NULL,"218",NULL,"0","1","2018-05-12 10:43:18","23","6"
"105","KBV005","white-water-rafting-krabi","uploads/products/rafting-11_custom_54844296bca95c5d6d02c11e1b363792.jpg","12+","4-11",NULL,"0-3",NULL,"0","1","2018-05-12 14:11:51","2022-03-12 18:03:00","2018-05-12 12:00:00","2018-05-12 12:00:00","0","0","1","1922","81","8101","0","8.203","98.886",,"2","0","0","0","23","23","171.5.163.3","Chrome","Windows","87.0.4280.88","1","1","20:00","0",NULL,"0",NULL,"0",NULL,"0",NULL,"0",NULL,"218",NULL,"0","1","2018-05-12 14:11:51","23","41"
"106","HKT045","phangnga-rafting-adventure","uploads/products/whitewater_rafting_1_a83b85cee3342799fa542ddbda0b8840.jpg",NULL,NULL,NULL,NULL,NULL,"0","0","2018-05-24 14:03:51","2018-06-21 16:29:03","2018-05-24 12:00:00","2018-05-24 12:00:00","0","0","0","3891","82","8201","3","8.4501","98.5255",,"2","0","0","0","23","24","14.207.72.213","Chrome","Windows","49.0.2623.112","0","0",,"0",NULL,"0",NULL,"0",NULL,"0",NULL,"0",NULL,"218",NULL,"0","1","2018-05-24 14:03:51","23","0"
"107","HKT046","elephant-retreat-trekking-white-water-rafting","uploads/products/pic-41244567637_51ff46916ac83847e88ec0a075e1f693.jpg",NULL,NULL,NULL,NULL,NULL,"0","0","2018-05-25 10:11:12","2018-06-24 10:16:30","2018-05-25 12:00:00","2018-05-25 12:00:00","0","0","0","4734","83","8301","0","7.9519","98.3381",,"2","0","0","0","23","24","14.207.72.213","Chrome","Windows","49.0.2623.112","1","1","20:00","0",NULL,"0",NULL,"0",NULL,"0",NULL,"0",NULL,"218",NULL,"0","1","2018-05-25 10:11:12","23","4"
"108","HKT047","james-bond-discovery-sea-canoe-sightseeing","uploads/products/image_fe3ce42_6059a285457c10203065ad03f212c7e6.jpg",NULL,NULL,NULL,NULL,NULL,"0","0","2018-05-25 13:13:35","2018-08-12 21:06:46","2018-05-25 12:00:00","2018-05-25 12:00:00","0","0","0","4737","83","8301","0","7.9519","98.3381",,"2","0","0","0","23","24","171.5.161.158","Chrome","Windows","68.0.3440.106","0","0",,"0",NULL,"0",NULL,"0",NULL,"0",NULL,"0",NULL,"218",NULL,"0","1","2018-05-25 13:13:35","23","0"
"109","HKT048","phiphi-maya-bamboo-islands-snorkeling","uploads/products/tour_34aecf62f115b50ebe8b2db6f146382b.jpg","12","4",NULL,NULL,NULL,"0","0","2018-06-01 09:38:04","2021-12-26 23:24:00","2018-06-01 12:00:00","2018-06-01 12:00:00","0","0","0","4727","83","8301","0","7.7407","98.7784",,"2","0","0","0","23","24","171.5.161.158","Chrome","Windows","68.0.3440.106","1","1","20:00","0",NULL,"0",NULL,"0",NULL,"0",NULL,"0",NULL,"218",NULL,"0","1","2018-06-01 09:38:04","23","3"
"110","WELLTRAVEL","welltravel","uploads/products/screen_shot_2559-10-21_at_1_11cf3ef39b8cce2c64eb38af59fca1e1.png","25-30","16",NULL,"10",NULL,"1","0","2018-06-01 12:53:51","2021-10-19 12:09:00","2018-06-01 12:00:00","2018-06-01 12:00:00","0","0","0","151","10","1004","0","0","0",,"2","0","0","0","23","10","180.183.245.235","Chrome","Macintosh","67.0.3396.99","1","0","11:35","0",NULL,"0",NULL,"0",NULL,"0",NULL,"0",NULL,"218",NULL,"0","1","2018-06-01 12:53:51","23","2"
"111","LTA001","koh-ngai-mangrove","uploads/products/เกาะไหง_1_7d5bd73c6ad1acb5f347da0caecb2173.jpg","12+","4-11",NULL,"2-3",NULL,"0","0","2018-06-02 10:05:27","2021-12-02 11:33:00","2018-06-02 12:00:00","2018-06-02 12:00:00","0","0","0","1892","81","8103","6","7.6244","99.0792",,"2","0","0","0","23","23","171.5.163.3","Chrome","Windows","87.0.4280.88","1","1","17:00","0",NULL,"0",NULL,"0",NULL,"0",NULL,"0",NULL,"218",NULL,"0","1","2018-06-02 10:05:27","23","3"
"112","HKT049","jame-bond-island-samet-nang-she","uploads/products/james-bond-island2_84eeb8ba3f23a3aa9d3235573bb06384.jpg",NULL,NULL,NULL,NULL,NULL,"0","0","2018-06-02 12:38:01","2018-06-21 15:54:40","2018-06-02 12:00:00","2018-06-02 12:00:00","0","0","0","4732","83","8303","0","7.9519","98.3381",,"2","0","0","0","23","24","14.207.72.213","Chrome","Windows","49.0.2623.112","0","0",,"0",NULL,"0",NULL,"0",NULL,"0",NULL,"0",NULL,"218",NULL,"0","1","2018-06-02 12:38:01","23","0"
"113","RN001","bruer-island-myanmar-ranong","uploads/products/28515191_1247866072013300_8610298822210318985_o_8d1b0b960dd8c15f4fdf062d2a74fd17.jpg","12","4",NULL,"2",NULL,"0","0","2018-06-08 09:41:43","2018-06-26 14:23:41","2018-06-08 12:00:00","2018-06-08 12:00:00","0","0","0","4872","85","8501","0","0","0",,"2","0","0","0","23","24","183.89.192.90","Chrome","Windows","49.0.2623.112","0","0",,"0",NULL,"0",NULL,"0",NULL,"0",NULL,"0",NULL,"218",NULL,"0","1","2018-06-08 09:41:43","23","0"
"117","HKT060","phuket-city-tour-private","uploads/products/รปรถ3_b07af6ea13dab7ee3f5fc65dee4f9a96.jpg","12-99","4-11",NULL,"0-3",NULL,"0","1","2018-07-17 23:07:40","2020-05-06 14:31:31","2018-07-17 12:00:00","2018-07-17 12:00:00","0","0","0","4737","83","8301","0","0","0",,"1","0","0","0","23","23","171.5.29.237","Chrome","Windows","81.0.4044.129","1","1","21:00","0",NULL,"0",NULL,"0",NULL,"0",NULL,"0",NULL,"218",NULL,"0","1","2018-07-17 23:07:40","23","57"
"114","HKT050","phi-phi-maya-bamboo-khai",NULL,NULL,NULL,NULL,NULL,NULL,"1","0","2018-06-16 13:53:23","2021-10-19 12:07:00","2018-06-16 12:00:00","2018-06-16 12:00:00","0","0","0","4727","83","8301","0","0","0",,"2","0","0","0","23","24","14.207.75.64","Chrome","Windows","49.0.2623.112","0","0",,"0",NULL,"0",NULL,"0",NULL,"0",NULL,"0",NULL,"218",NULL,"0","1","2018-06-16 13:53:23","23","0"
"115","HKT051","phuket-raya-island","uploads/products/raya_243ba3f8803843b4205a06190c959870.jpg","12+","4-11",NULL,"1-3",NULL,"0","1","2018-06-24 18:11:13","2020-12-31 15:32:55","2018-06-24 12:00:00","2018-06-24 12:00:00","0","0","0","4737","83","8301","0","0","0",,"2","0","0","0","23","23","171.5.163.3","Chrome","Windows","87.0.4280.88","1","1","21:00","0",NULL,"0",NULL,"0",NULL,"0",NULL,"0",NULL,"218",NULL,"0","1","2018-06-24 18:11:13","23","25"
"116","developeronly","free-tour-dev",NULL,NULL,NULL,NULL,NULL,NULL,"0","0","2018-07-03 16:46:15","2018-07-26 12:07:00","2018-07-03 12:00:00","2018-07-03 12:00:00","0","0","0","136","10","1002","0","0","0",,"2","0","0","0","23","10","180.183.245.235","Chrome","Macintosh","67.0.3396.99","0","0",,"0",NULL,"0",NULL,"0",NULL,"0",NULL,"0",NULL,"218",NULL,"0","1","2018-07-03 16:46:15","23","7"
"119","PAT004","ramayana-water-park","uploads/products/thumbnail_eddf2bf76803797ac880ee775c619fae.jpg","15+","4-14",NULL,"0-3",NULL,"0","1","2018-07-27 08:10:56","2022-08-20 16:58:23","2018-07-27 12:00:00","2018-07-27 12:00:00","0","0","0","1263","20","2009","4","0","0",,"2","0","0","0","23","23","171.5.13.188","Chrome","Windows","104.0.0.0","1","0","15:00","0",NULL,"0",NULL,"0",NULL,"0",NULL,"0",NULL,"218",NULL,"0","1","2018-07-27 08:10:56","23","429"
"118","PAT003","alcazar-show","uploads/products/08_8d6a6aaa26cf8b4ff4dab487fa825d38.jpg","12+","4-11",NULL,"0-3",NULL,"0","1","2018-07-25 07:16:04","2022-07-06 13:30:10","2018-07-25 12:00:00","2018-07-25 12:00:00","1","1","0","1271","20","2004","4","0","0",,"2","0","0","0","23","23","49.230.164.61","Chrome","Windows","103.0.0.0","1","0","15:00","0",NULL,"0",NULL,"0",NULL,"0",NULL,"0",NULL,"218",NULL,"0","1","2018-07-25 07:16:04","23","823"
"120","HKT053","phuket-trickeye-museum","uploads/products/teelorsu_waterfall_thumbnail_custom_5a18e7aacb88aedfa7d802f8cd32a61a.jpg","10+","4-9",NULL,"0-3",NULL,"0","0","2018-07-28 14:34:36","2021-12-02 11:32:00","2018-07-28 12:00:00","2018-07-28 12:00:00","0","0","0","4734","83","8301","0","0","0",,"2","0","0","0","23","23","171.5.163.3","Chrome","Windows","87.0.4280.88","1","0","08:00","0",NULL,"0",NULL,"0",NULL,"0",NULL,"0",NULL,"218",NULL,"0","1","2018-07-28 14:34:36","23","222"
"129","PAT006","pattaya-cartoon-network-water-park","uploads/products/cnamazone_mascot_allstars_cartoonival_custom_custom_9136b214361511541e2a7527ddcbf660.jpg","13-65","2-12","65+","0-2",NULL,"0","1","2018-09-02 21:11:03","2022-03-12 18:02:00","2018-09-02 12:00:00","2018-09-02 12:00:00","0","0","1","1271","20","2004","4","0","0",,"2","0","0","0","23","23","171.5.163.3","Chrome","Windows","87.0.4280.88","1","0","15:00","0",NULL,"0",NULL,"0",NULL,"0",NULL,"0",NULL,"218",NULL,"0","1","2018-09-02 21:11:03","23","383"
"121","HKT055","elephant-jungle-sanctuary-phuket","uploads/products/elephant-jungle-sanctuary_thumbnail_custom_067b686a376ddbe90ebe5143854f653f.jpg","11+","4-10",NULL,"0-3",NULL,"0","1","2018-07-31 20:06:36","2023-01-01 23:54:10","2018-07-31 12:00:00","2018-07-31 12:00:00","0","0","0","4736","83","8302","0","0","0",,"2","0","0","0","23","23","171.5.6.200","Chrome","Windows","108.0.0.0","0","0",,"0",NULL,"0",NULL,"0",NULL,"0",NULL,"0",NULL,"218",NULL,"0","1","2018-07-31 20:06:36","23","636"
"122","HKT056","john-gray-sea-canoe","uploads/products/thumbnail_6e481f483d194075b0527aaa2416f6cc.jpg","13-70","7-12",NULL,"1-6",NULL,"0","1","2018-08-09 19:28:39","2023-01-03 17:28:34","2018-08-09 12:00:00","2018-08-09 12:00:00","0","0","0","4737","83","8301","0","0","0",,"2","0","0","0","23","23","49.230.160.252","Safari","iPhone","15.6","1","2","21:00","0",NULL,"0",NULL,"0",NULL,"0",NULL,"0",NULL,"218",NULL,"0","1","2018-08-09 19:28:39","23","457"
"135","BKK015","bangkok-biking-tour","uploads/products/colors-of-bangkok_6219324959_o_custom_custom_eb2018483bf8e2b29b1c3e3719d78c35.jpg","12+","6-11",NULL,"0-5",NULL,"0","0","2018-09-22 12:32:26","2021-12-02 11:31:00","2018-09-22 12:00:00","2018-09-22 12:00:00","0","0","0","210","10","1012","0","0","0",,"2","0","0","0","23","23","171.5.163.3","Chrome","Windows","87.0.4280.88","1","1","17:00","0",NULL,"0",NULL,"0",NULL,"0",NULL,"0",NULL,"218",NULL,"0","1","2018-09-22 12:32:26","23","3"
"125","HKT058","phuket-bird-park","uploads/products/phuket_bird_park_911c9eb828f2ca5050a3cb772f13fbe1.jpg","11+","4-10",NULL,"0-3",NULL,"0","1","2018-08-14 18:26:02","2022-08-30 18:38:11","2018-08-14 12:00:00","2018-08-14 12:00:00","0","0","0","4737","83","8301","0","7.86344","98.2742",,"2","0","0","0","23","23","171.5.14.31","Chrome","Windows","104.0.0.0","1","0","15:00","0",NULL,"0",NULL,"0",NULL,"0",NULL,"0",NULL,"218",NULL,"0","1","2018-08-14 18:26:02","23","29"
"123","PAT005","ripley-pattaya","uploads/products/ripleys_thumbnail_cfa773876c68b31ef67b6ee23b5806a6.jpg",">120cm.","80-120cm.",NULL,"&lt;80cm.",NULL,"0","1","2018-08-11 23:26:33","2022-11-28 11:39:04","2018-08-11 12:00:00","2018-08-11 12:00:00","1","1","0","1271","20","2004","4","0","0",,"2","0","0","0","23","23","171.5.6.114","Chrome","Windows","107.0.0.0","1","0","18:00","0",NULL,"0",NULL,"0",NULL,"0",NULL,"0",NULL,"218",NULL,"0","1","2018-08-11 23:26:33","23","524"
"124","BKK014","siam-niramit-bangkok","uploads/products/siam_niramit_thumbnail_37288352eb4fb6f1fca691eaecb9c33c.jpg",">140cm.","90-140cm.",NULL,"&lt;90cm.",NULL,"1","1","2018-08-12 13:14:42","2021-10-19 12:06:00","2018-08-12 12:00:00","2018-08-12 12:00:00","0","0","0","205","10","1017","0","0","0",,"2","0","0","0","23","23","171.5.163.3","Chrome","Windows","87.0.4280.88","1","0","15:00","0",NULL,"0",NULL,"0",NULL,"0",NULL,"0",NULL,"218",NULL,"0","1","2018-08-12 13:14:42","23","126"
"126","PNA004","elephant-fly-zipline","uploads/products/fly_e_cd782ddb32c93470985cae26ddab3cb6.jpg",NULL,NULL,NULL,NULL,NULL,"0","0","2018-08-16 19:34:15","2020-05-06 14:30:00","2018-08-16 12:00:00","2018-08-16 12:00:00","0","0","0","3874","82","8205","3","0","0",,"2","0","0","0","23","24","223.207.74.67","Chrome","Windows","68.0.3440.106","1","1","20:00","0",NULL,"0",NULL,"0",NULL,"0",NULL,"0",NULL,"218",NULL,"0","1","2018-08-16 19:34:15","23","2"
"127","BKK020","cookin-nanta-show-bangkok","uploads/products/nanta13_7422991d0ca211dcfc96d24a48a7b0da.jpg","10-99","4-9",NULL,"1-3",NULL,"1","0","2018-08-22 22:42:06","2021-10-19 12:03:00","2018-08-22 12:00:00","2018-08-22 12:00:00","0","0","0","241","10","1006","0","13.7468","100.58",,"2","0","0","0","23","23","171.5.166.113","Safari","iPhone","12.1.1","1","0","15:00","0",NULL,"0",NULL,"0",NULL,"0",NULL,"0",NULL,"218",NULL,"0","1","2018-08-22 22:42:06","23","152"
"132","PAT007","pattaya-elephant-sanctuary","uploads/products/20900935_394752600922521_2172397508222372294_o_custom_thumbnail_4194c8ccb1ec9d01ef25be5151b52485.jpg","11+","4-10",NULL,"0-3",NULL,"0","1","2018-09-08 18:07:15","2023-01-03 20:33:00","2018-09-08 12:00:00","2018-09-08 12:00:00","0","0","0","1207","20","2009","4","0","0",,"2","0","0","0","23","23","49.230.165.252","Safari","iPhone","15.6","0","0",,"0",NULL,"0",NULL,"0",NULL,"0",NULL,"0",NULL,"218",NULL,"0","1","2018-09-08 18:07:15","23","629"
"128","HKT059","atv-safari-phuket-200cc","uploads/products/atv3_680ea16762da003a4a04862cc2d2f3e7.jpg","10-60","4-9",NULL,"0-3",NULL,"0","1","2018-08-24 00:27:55","2022-08-20 17:16:24","2018-08-23 12:00:00","2018-08-23 12:00:00","0","0","0","4737","83","8301","0","7.8327","98.3295",,"2","0","0","0","23","23","171.5.13.188","Chrome","Windows","104.0.0.0","1","1","21:00","0",NULL,"0",NULL,"0",NULL,"0",NULL,"0",NULL,"218",NULL,"0","1","2018-08-24 00:27:55","23","20"
"130","BKK021","muay-thai-live-bangkok","uploads/products/mtl1_6860125520f3b661d37555c4690a21d4.jpg","13+","4-12",NULL,"0-3",NULL,"0","0","2018-09-05 20:12:11","2020-08-17 00:55:00","2018-09-05 12:00:00","2018-09-05 12:00:00","0","0","0","169","10","1031","0","11.2747","97.1835",,"2","0","0","0","23","23","171.5.29.237","Chrome","Windows","81.0.4044.129","1","0","17:00","0",NULL,"0",NULL,"0",NULL,"0",NULL,"0",NULL,"218",NULL,"0","1","2018-09-05 20:12:11","23","84"
"131","HKT061","surf-house-kata","uploads/products/img_7415_custom_100470e207025096d336a1e45207c421.jpg","133 cm.+","107 cm.",NULL,NULL,NULL,"0","1","2018-09-06 16:45:24","2022-03-12 18:02:00","2018-09-06 12:00:00","2018-09-06 12:00:00","0","0","1","4728","83","8301","0","0","0",,"2","0","0","0","23","23","171.5.29.237","Chrome","Windows","81.0.4044.129","1","0","21:00","0",NULL,"0",NULL,"0",NULL,"0",NULL,"0",NULL,"218",NULL,"0","1","2018-09-06 16:45:24","23","39"
"133","CNX001","elephant-jungle-sanctuary-chiangmai","uploads/products/12888581_1015172055224020_4476512473027156071_o_custom_84c9ee0c40cf598693cbefb79cb02f40.jpg","11+","4-10",NULL,"0-3",NULL,"0","1","2018-09-16 12:24:46","2020-05-06 14:29:09","2018-09-16 12:00:00","2018-09-16 12:00:00","0","0","0","1002","50","5022","0","0","0",,"2","0","0","0","23","23","171.5.29.237","Chrome","Windows","81.0.4044.129","0","0",,"0",NULL,"0",NULL,"0",NULL,"0",NULL,"0",NULL,"218",NULL,"0","1","2018-09-16 12:24:46","23","129"
"134","CNX002","art-in-paradise-chiang-mai","uploads/products/23_thumbnail_custom_ae356717eee228991c8811ca7f6169b2.jpg","> 135 cm.","&lt; 135 cm.",NULL,NULL,NULL,"0","1","2018-09-16 16:46:31","2022-09-29 13:42:00","2018-09-16 12:00:00","2018-09-16 12:00:00","0","0","0","885","50","5001","0","0","0",,"2","0","0","0","23","23","171.5.163.3","Chrome","Windows","87.0.4280.88","1","1","12:00","0",NULL,"0",NULL,"0",NULL,"0",NULL,"0",NULL,"218",NULL,"0","1","2018-09-16 16:46:31","23","13"
"136","BKK016","art-in-paradise-bangkok","uploads/products/art_in_paradise3_thumbnail_7ab86427972c1c85251abf866d6bc213.jpg","130 cm.+","100-130 cm.",NULL,"&lt;100 cm.",NULL,"0","0","2018-09-22 16:51:37","2021-12-02 11:31:00","2018-09-22 12:00:00","2018-09-22 12:00:00","0","0","0","205","10","1017","0","0","0",,"2","0","0","0","23","23","171.5.163.3","Chrome","Windows","87.0.4280.88","1","1","12:00","0",NULL,"0",NULL,"0",NULL,"0",NULL,"0",NULL,"218",NULL,"0","1","2018-09-22 16:51:37","23","9"
"137","PAT008","art-in-paradise-pattaya","uploads/products/art_in_paradise11_customthumbnail_7655394434d4db9df82e04284bfa54da.jpg","130 cm.+","100-130 cm.",NULL,"&lt;100 cm.",NULL,"0","1","2018-09-23 14:16:17","2022-07-01 20:37:31","2018-09-23 12:00:00","2018-09-23 12:00:00","0","0","1","1271","20","2004","4","0","0",,"2","0","0","0","23","23","171.5.6.175","Chrome","Windows","103.0.0.0","1","1","12:00","0",NULL,"0",NULL,"0",NULL,"0",NULL,"0",NULL,"218",NULL,"0","1","2018-09-23 14:16:17","23","39"
"138","BKK017","safari-world","uploads/products/safari_world_bangkok_20_6f2a09db8b20cbf258d274bdbc35728f.jpg","140 cm.+","100-140 cm.",NULL,"&lt; 100 cm.",NULL,"0","1","2018-09-23 17:17:53","2022-12-03 18:57:50","2018-09-23 12:00:00","2018-09-23 12:00:00","1","1","0","268","10","1046","0","0","0",,"2","0","0","0","23","23","171.5.6.200","Chrome","Windows","108.0.0.0","0","0",,"0",NULL,"0",NULL,"0",NULL,"0",NULL,"0",NULL,"218",NULL,"0","1","2018-09-23 17:17:53","23","339"
"139","PNA005","khaolak-kapong-tubing","uploads/products/kapong_tubing_thumbnail_dc481744b55b5a25e4989519e2046fe3.jpg","12-60","5-11",NULL,"0-4",NULL,"0","0","2018-10-06 14:34:48","2020-12-31 11:45:00","2018-10-06 12:00:00","2018-10-06 12:00:00","0","0","0","3897","82","8203","3","7.843","98.341",,"2","0","0","0","23","23","171.5.29.237","Chrome","Windows","81.0.4044.129","1","1","19:00","0",NULL,"0",NULL,"0",NULL,"0",NULL,"0",NULL,"218",NULL,"0","1","2018-10-06 14:34:48","23","15"
"151","BKK022","mahanakhon-skywalk","uploads/products/mahanakhon_skywalk_01_07cc052a76b59f38b9ee87ddc9c04b2d.jpg","15-59","3-14","60+","under 3",NULL,"0","1","2018-12-08 15:09:50","2023-03-12 16:28:57","2018-12-08 12:00:00","2018-12-08 12:00:00","0","1","0","210","10","1012","0","0","0",,"2","0","0","0","23","24","130.211.2.195","Chrome","Macintosh","110.0.0.0","1","0","18:00","0",NULL,"0",NULL,"0",NULL,"0",NULL,"0",NULL,"218",NULL,"0","1","2018-12-08 15:09:50","23","911"
"140","HKT062","raya-noi-raya-maiton","uploads/products/g0019622_custom_custom_3e44228fb8cd822eb44f1b497f194949.jpg","11+","4-10",NULL,"1-3",NULL,"0","1","2018-10-13 17:01:55","2020-05-06 14:28:02","2018-10-13 12:00:00","2018-10-13 12:00:00","0","0","0","4727","83","8301","0","0","0",,"2","1","0","0","23","23","171.5.29.237","Chrome","Windows","81.0.4044.129","1","1","20:00","0",NULL,"0",NULL,"0",NULL,"0",NULL,"0",NULL,"218",NULL,"0","1","2018-10-13 17:01:55","23","2"
"141","HKT063","phi-phi-khai-island","uploads/products/phi_phi_17_custom_custom_custom_c739a474630d08a16f11e4f03d0f5bad.jpg","11+","4-10",NULL,"1-3",NULL,"0","1","2018-10-13 23:15:31","2022-12-17 21:58:22","2018-10-13 12:00:00","2018-10-13 12:00:00","0","0","0","4727","83","8301","0","0","0",,"2","1","0","0","23","23","171.5.6.212","Chrome","Windows","108.0.0.0","1","1","22:30","0",NULL,"0",NULL,"0",NULL,"0",NULL,"0",NULL,"218",NULL,"0","1","2018-10-13 23:15:31","23","117"
"142","KBV002","4-islands-krabi","uploads/products/4_islands_krabi_54fcacc93d3263202f6097431156736b.jpg","11+","4-10",NULL,"1-3",NULL,"0","1","2018-10-14 00:00:11","2020-12-31 15:31:44","2018-10-13 12:00:00","2018-10-13 12:00:00","0","0","0","1882","81","8101","0","0","0",,"2","1","0","0","23","23","171.5.163.3","Chrome","Windows","87.0.4280.88","1","1","22:00","0",NULL,"0",NULL,"0",NULL,"0",NULL,"0",NULL,"218",NULL,"0","1","2018-10-14 00:00:11","23","48"
"143","CNX003","flight-of-the-gibbon","uploads/products/aaa_custom_custom_0ee42bced9deeecdac345a9b3b221367.jpg","16+","4-16",NULL,"0-3",NULL,"0","1","2018-10-17 16:59:09","2022-03-27 12:48:00","2018-10-17 12:00:00","2018-10-17 12:00:00","0","0","1","885","50","5001","0","0","0",,"2","0","0","0","23","23","171.5.29.239","Chrome","Windows","84.0.4147.125","1","1","19:00","0",NULL,"0",NULL,"0",NULL,"0",NULL,"0",NULL,"218",NULL,"0","1","2018-10-17 16:59:09","23","7"
"144","HKT064","phuket-thai-cooking-academy","uploads/products/img_2422_8a8ef7867e6108be74ab1d7ed4d96549.jpg","13-99","4-12",NULL,"0-3",NULL,"0","0","2018-10-28 17:06:07","2020-12-31 11:43:00","2018-10-28 12:00:00","2018-10-28 12:00:00","0","0","0","4740","83","8302","0","7.88045","98.3923",,"2","0","1","3","23","23","171.5.29.239","Chrome","Windows","84.0.4147.125","1","1","15:00","0",NULL,"0",NULL,"0",NULL,"0",NULL,"0",NULL,"218",NULL,"0","1","2018-10-28 17:06:07","23","3"
"145","PAT009","pattaya-coral-island-indian","uploads/products/koh-larn-island_custom_40c1e14f21716b7ad8d53e0af7bdd5f7.jpg","12+","4-11",NULL,"0-3",NULL,"0","1","2018-10-29 11:28:15","2022-07-05 23:12:47","2018-10-29 12:00:00","2018-10-29 12:00:00","0","0","0","1271","20","2004","4","0","0",,"2","1","0","0","23","23","182.232.216.163","Chrome","Windows","103.0.0.0","1","1","17:00","0",NULL,"0",NULL,"0",NULL,"0",NULL,"0",NULL,"218",NULL,"0","1","2018-10-29 11:28:15","23","60"
"146","PAT010","kaan-show","uploads/products/thumbnail_custom_1623001962d06098f1bdd0df91b3a050.jpg","80 cm. tall or above","3-5",NULL,"below 80 cm.",NULL,"0","0","2018-10-29 15:29:29","2023-03-12 15:50:44","2018-10-29 12:00:00","2018-10-29 12:00:00","1","1","0","1259","20","2004","4","0","0",,"2","1","0","0","23","24","35.191.18.236","Chrome","Macintosh","109.0.0.0","1","0","15:00","0",NULL,"0",NULL,"0",NULL,"0",NULL,"0",NULL,"218",NULL,"0","1","2018-10-29 15:29:29","23","684"
"147","HKT065","bangla-boxing-stadium","uploads/products/img_3695-705x470_ea3449e8807de2ab8afc19c0ba2172a6.jpg","13+","5-12",NULL,NULL,NULL,"0","1","2018-11-08 19:43:57","2022-03-12 18:01:00","2018-11-08 12:00:00","2018-11-08 12:00:00","0","0","1","4736","83","8302","0","0","0",,"2","1","0","0","23","23","171.5.163.3","Chrome","Windows","87.0.4280.88","1","0","17:00","0",NULL,"0",NULL,"0",NULL,"0",NULL,"0",NULL,"218",NULL,"0","1","2018-11-08 19:43:57","23","111"
"150","HKT068","james-bond-island-by-speed-boat","uploads/products/5_james_bond_262f37ce3ca04d9ada5882394b868ff1.jpg","11+","4-10",NULL,"0-3",NULL,"0","0","2018-11-30 17:59:46","2020-12-31 11:44:00","2018-11-30 12:00:00","2018-11-30 12:00:00","0","0","0","4737","83","8301","0","0","0",,"2","0","0","0","23","23","171.5.29.239","Chrome","Windows","84.0.4147.125","1","1","21:15","0",NULL,"0",NULL,"0",NULL,"0",NULL,"0",NULL,"218",NULL,"0","1","2018-11-30 17:59:46","23","205"
"148","HKT067","hype-luxury-boat-club","uploads/products/1-hype_11_thumbnail_custom_36070637befd3d5524f4f98646cc27ee.jpg","10-70","0-9",NULL,NULL,NULL,"0","1","2018-11-22 18:37:25","2022-08-10 18:06:00","2018-11-22 12:00:00","2018-11-22 12:00:00","0","0","1","4737","83","8301","0","0","0",,"2","0","0","0","23","23","171.5.3.55","Safari","iPhone","15.5","1","1","12:00","0",NULL,"0",NULL,"0",NULL,"0",NULL,"0",NULL,"218",NULL,"0","1","2018-11-22 18:37:25","23","352"
"149","BKK025","sea-life-bangkok-ocean-world","uploads/products/event-activity01_b6c96856c80c04837dcf6f5409c4d47a.jpg","12-99","3-11",NULL,"0-2",NULL,"0","1","2018-11-25 19:21:33","2022-07-06 00:34:12","2018-11-25 12:00:00","2018-11-25 12:00:00","1","1","0","179","10","1007","0","0","0",,"2","1","0","0","23","23","182.232.250.22","Safari","iPhone","15.5","1","1","22:00","0",NULL,"0",NULL,"0",NULL,"0",NULL,"0",NULL,"218",NULL,"0","1","2018-11-25 19:21:33","23","94"
"152","HKT069","4-in-1-james-bond-island","uploads/products/thumbnail1_f4606247a1be9895bc722da1c2d515d1.jpg","11+","4-10",NULL,"0-3",NULL,"0","1","2018-12-27 15:06:01","2023-01-03 21:54:49","2018-12-27 12:00:00","2018-12-27 12:00:00","0","0","0","4737","83","8301","0","0","0",,"2","0","0","0","23","23","171.5.6.200","Chrome","Windows","108.0.0.0","1","1","20:00","0",NULL,"0",NULL,"0",NULL,"0",NULL,"0",NULL,"218",NULL,"0","1","2018-12-27 15:06:01","23","83"
"155","PNA006","khaolak-elephant-care-and-rafting","uploads/products/tt1_6224_custom_e6970c8c8c8e3d15455f99bf659d0612.jpg","12+","4-11",NULL,"0-3",NULL,"0","0","2019-01-06 17:36:10","2020-12-31 11:50:00","2019-01-06 12:00:00","2019-01-06 12:00:00","0","0","0","3908","82","8205","3","0","0",,"2","0","0","0","23","23","171.5.29.239","Chrome","Windows","84.0.4147.125","1","1","19:00","0",NULL,"0",NULL,"0",NULL,"0",NULL,"0",NULL,"218",NULL,"0","1","2019-01-06 17:36:10","23","7"
"153","HKT081","james-bond-island-phang-nga-bay-8-in-1-canoe-by-speed-boat","uploads/products/s_6094892_d694c19ff9c38af3d8b66c09d4b868b9.jpg","11+","4-10",NULL,"0-3",NULL,"0","0","2018-12-27 18:44:10","2018-12-27 19:55:00","2018-12-27 12:00:00","2018-12-27 12:00:00","0","0","0","4737","83","8301","0","0","0",,"2","0","0","0","23","24","171.6.240.67","Chrome","Windows","71.0.3578.98","1","1","17:00","0",NULL,"0",NULL,"0",NULL,"0",NULL,"0",NULL,"218",NULL,"0","1","2018-12-27 18:44:10","23","0"
"154","HKT082","sunset-tour-koh-hong-koh-panak-loy-krathong-seafood-dinner-by-luxury-boat","uploads/products/img_5532_1_c4bfaabc7aafbfb030c0c8ed23db4e45.jpg","11+","3-10",NULL,"0-3",NULL,"0","0","2018-12-27 20:40:50","2018-12-27 20:59:00","2018-12-27 12:00:00","2018-12-27 12:00:00","0","0","0","4737","83","8301","0","0","0",,"2","0","0","0","23","24","171.6.240.67","Chrome","Windows","71.0.3578.98","1","1","20:00","0",NULL,"0",NULL,"0",NULL,"0",NULL,"0",NULL,"218",NULL,"0","1","2018-12-27 20:40:50","23","0"
"156","HKT070","phuket-horse-riding","uploads/products/img_2608_custom_thumbnail_e22c42777045da3747c9d21fedd49096.jpg","12+","4-11",NULL,"0-3",NULL,"0","1","2019-01-18 19:58:20","2022-06-28 15:52:42","2019-01-18 12:00:00","2019-01-18 12:00:00","0","0","0","4737","83","8301","0","0","0",,"2","0","0","0","23","23","182.232.221.152","Safari","iPhone","15.5","1","0","16:00","0",NULL,"0",NULL,"0",NULL,"0",NULL,"0",NULL,"218",NULL,"0","1","2019-01-18 19:58:20","23","64"
"157","KBV003","blue-dragon-cabaret-show","uploads/products/bluedragon70_thumbnail_edc4c1b5e5fca5a9b59dd2e1d8d3d3ef.jpg","120 cm.+","90-120 cm.",NULL,"&lt; 90 cm.",NULL,"0","1","2019-02-03 16:17:42","2022-09-29 13:41:00","2019-02-03 12:00:00","2019-02-03 12:00:00","0","0","1","1882","81","8101","0","0","0",,"2","0","0","0","23","23","171.5.163.3","Chrome","Windows","87.0.4280.88","1","0","16:00","0",NULL,"0",NULL,"0",NULL,"0",NULL,"0",NULL,"218",NULL,"0","1","2019-02-03 16:17:42","23","59"
"158","HKT071","kathu-connection","uploads/products/img_3007_custom_789e2668702436db65d01dd93886e078.jpg","13+","4-12",NULL,"0-3",NULL,"1","0","2019-02-07 01:25:26","2021-10-19 12:01:00","2019-02-07 12:00:00","2019-02-07 12:00:00","0","0","0","4740","83","8302","0","0","0",,"2","0","0","0","23","23","171.5.29.239","Chrome","Windows","84.0.4147.125","0","0",,"0",NULL,"0",NULL,"0",NULL,"0",NULL,"0",NULL,"218",NULL,"0","1","2019-02-07 01:25:26","23","48"
"159","LTA002","lanta-koh-rok","uploads/products/koh_rok_thumbnail_2a7cee59208c7875afde6525ca3e8efb.jpg","12-70","4-11",NULL,"1-3",NULL,"0","0","2019-02-19 11:19:11","2021-12-02 11:29:00","2019-02-19 12:00:00","2019-02-19 12:00:00","0","0","0","1892","81","8103","6","0","0",,"2","0","0","0","23","23","171.5.163.3","Chrome","Windows","87.0.4280.88","1","1","20:00","0",NULL,"0",NULL,"0",NULL,"0",NULL,"0",NULL,"218",NULL,"0","1","2019-02-19 11:19:11","23","13"
"160","CNX004","chiang-mai-rafting","uploads/products/chiang_mai_rafting_44_2bb562ae623341972c3ca5b96edc5221.jpg","15-70","7-14",NULL,"0-6",NULL,"0","1","2019-02-20 13:11:07","2020-12-31 15:30:57","2019-02-20 12:00:00","2019-02-20 12:00:00","0","0","0","885","50","5001","0","0","0",,"2","1","0","0","23","23","171.5.163.3","Chrome","Windows","87.0.4280.88","1","1","20:00","0",NULL,"0",NULL,"0",NULL,"0",NULL,"0",NULL,"218",NULL,"0","1","2019-02-20 13:11:07","23","16"
"188","USM004","koh-tao-koh-nang-yuan-tour-by-speedboat","uploads/products/koh_tao_and_koh_nang_yuan_tour_25_4569210447e27549eb21aa5b1b739b11.jpg","12-70","4-11","70+","1-3",NULL,"0","1","2019-11-23 17:00:52","2022-12-02 14:29:04","2019-11-23 12:00:00","2019-11-23 12:00:00","0","0","0","6290","84","8404","5","0","0",,"2","0","0","0","23","23","171.5.6.200","Chrome","Windows","108.0.0.0","1","1","20:00","0",NULL,"0",NULL,"0",NULL,"0",NULL,"0",NULL,"218",NULL,"0","1","2019-11-23 17:00:52","23","16"
"161","LTA003","lanta-4-island","uploads/products/lanta_4_islands_5_thumbnail_68f65157a742e3628038f81f80a35bb8.jpg","12-70","4-11",NULL,"1-3",NULL,"0","0","2019-02-23 18:12:47","2021-12-02 11:28:00","2019-02-23 12:00:00","2019-02-23 12:00:00","0","0","0","1887","81","8103","6","0","0",,"2","1","0","0","23","23","171.5.163.3","Chrome","Windows","87.0.4280.88","1","1","20:00","0",NULL,"0",NULL,"0",NULL,"0",NULL,"0",NULL,"218",NULL,"0","1","2019-02-23 18:12:47","23","7"
"162","PNA007","phi-phi-khai-island-khao-lak","uploads/products/phi_phi_thumbnail_88daeaedd349a4d81e3848a06c08e164.jpg","11-70","4-10",NULL,"1-3",NULL,"0","1","2019-02-26 13:24:11","2022-10-10 09:24:15","2019-02-26 12:00:00","2019-02-26 12:00:00","0","0","0","3908","82","8205","3","0","0",,"2","0","0","0","23","23","171.5.15.44","Safari","iPhone","15.6","1","1","21:00","0",NULL,"0",NULL,"0",NULL,"0",NULL,"0",NULL,"218",NULL,"0","1","2019-02-26 13:24:11","23","47"
"163","HKT072","phuket-city-tour-tiger-kingdom","uploads/products/img_6653_e781c6e0a651cfdc234f1ca1c3b3e67d.jpg","12+","4-11",NULL,"0-3",NULL,"0","0","2019-03-01 10:38:59","2021-12-02 11:28:00","2019-03-01 12:00:00","2019-03-01 12:00:00","0","0","0","4737","83","8301","0","0","0",,"2","1","0","0","23","23","171.5.163.3","Chrome","Windows","87.0.4280.88","0","0",,"0",NULL,"0",NULL,"0",NULL,"0",NULL,"0",NULL,"218",NULL,"0","1","2019-03-01 10:38:59","23","662"
"176","USM003","samui-elephant-home","uploads/products/samui_elephant_home_thumbnail_12_bdc726a698400fc3993b118ddb5549b2.jpg","12+","4-11",NULL,"0-3",NULL,"0","1","2019-06-23 11:48:52","2022-09-29 13:40:00","2019-06-23 12:00:00","2019-06-23 12:00:00","0","0","0","6306","84","8404","5","0","0",,"2","0","0","0","23","23","171.5.29.239","Chrome","Windows","84.0.4147.125","1","1","21:00","0",NULL,"0",NULL,"0",NULL,"0",NULL,"0",NULL,"218",NULL,"0","1","2019-06-23 11:48:52","23","6"
"164","HKT073","tribhum-phuket","uploads/products/tribhum_phuket_11_f1051b3c2b1418a1779e462de2d2c309.jpg","120 cm.+","90-120cm.",NULL,"&lt; 90 cm.",NULL,"0","1","2019-03-13 12:08:02","2022-07-05 14:40:00","2019-03-13 12:00:00","2019-03-13 12:00:00","0","0","1","4727","83","8301","0","7.924","98.455",,"2","1","0","0","23","23","171.5.31.238","Chrome","Windows","101.0.4951.54","1","0","15:00","0",NULL,"0",NULL,"0",NULL,"0",NULL,"0",NULL,"218",NULL,"0","1","2019-03-13 12:08:02","23","128"
"166","CNX005","doi-suthep-long-neck-karen-tribe-village","uploads/products/doi_suthep_tour_1_940688648b12f15dd1ad6972f890f031.jpg","12+","4-11",NULL,"0-3",NULL,"0","0","2019-03-15 20:36:17","2019-06-24 17:19:00","2019-03-15 12:00:00","2019-03-15 12:00:00","0","0","0","931","50","5007","0","0","0",,"2","1","0","0","23","23","171.5.31.140","Chrome","Windows","72.0.3626.121","1","1","20:00","0",NULL,"0",NULL,"0",NULL,"0",NULL,"0",NULL,"218",NULL,"0","1","2019-03-15 20:36:17","23","9"
"165","HKT074","phang-nga-city-tour-with-longtail-boat-in-phang-nga-bay","uploads/products/jungle_3404931c87b142b882d99c161d0cca5b.png","12-99","4-11",NULL,"0-3",NULL,"0","0","2019-03-13 20:22:03","2020-01-11 13:34:17","2019-03-13 12:00:00","2019-03-13 12:00:00","0","0","0","3909","82","8201","0","0","0",,"2","0","0","0","23","23","171.5.164.53","Chrome","Windows","79.0.3945.88","0","0",,"0",NULL,"0",NULL,"0",NULL,"0",NULL,"0",NULL,"218",NULL,"0","1","2019-03-13 20:22:03","23","0"
"169","HKT075","paradise-beach-phuket","uploads/products/paradise_beach_phuket_thumbnail_036a5a852f4471c980424df5de4c2ac4.jpg","12+","4-11",NULL,"0-3",NULL,"1","0","2019-04-19 14:52:50","2021-10-19 12:00:00","2019-04-19 12:00:00","2019-04-19 12:00:00","0","0","0","4736","83","8302","0","0","0",,"2","0","0","0","23","23","171.5.10.202","Chrome","Windows","73.0.3683.103","0","0",,"0",NULL,"0",NULL,"0",NULL,"0",NULL,"0",NULL,"218",NULL,"0","1","2019-04-19 14:52:50","23","8"
"167","BKK018","damnoen-saduak-floating-market-and-maeklong-railway-market-tour","uploads/products/maeklong_railway_damnoen_saduak_market_e6865ec80b497252416df2f6b0516d23.jpg","12+","3-11",NULL,"0-2",NULL,"0","1","2019-03-21 18:47:31","2022-09-29 13:41:00","2019-03-21 12:00:00","2019-03-21 12:00:00","0","0","1","230","10","1011","0","0","0",,"2","0","0","0","23","23","171.5.163.3","Chrome","Windows","87.0.4280.88","1","1","18:00","0",NULL,"0",NULL,"0",NULL,"0",NULL,"0",NULL,"218",NULL,"0","1","2019-03-21 18:47:31","23","11"
"168","CNX006","chiangrai-golden-triangle-white-temple-long-neck-village",NULL,NULL,NULL,NULL,NULL,NULL,"1","0","2019-04-03 22:22:50","2021-10-19 11:59:00","2019-04-03 12:00:00","2019-04-03 12:00:00","0","0","0","885","50","5001","0","0","0",,"2","1","0","0","23","23","171.5.8.174","Chrome","Windows","73.0.3683.86","1","1","19:00","0",NULL,"0",NULL,"0",NULL,"0",NULL,"0",NULL,"218",NULL,"0","1","2019-04-03 22:22:50","23","0"
"170","USM001","samui-elephant-jungle-sanctuary","uploads/products/samui_elephant_jungle_sanctuary_thumbnail_5785cc550afe8564c068abea74429ae7.jpeg","12+","4-11",NULL,"0-3",NULL,"0","1","2019-04-22 14:57:55","2022-12-02 17:54:36","2019-04-22 12:00:00","2019-04-22 12:00:00","0","0","0","6263","84","8404","5","0","0",,"2","1","0","0","23","23","171.5.6.200","Chrome","Windows","108.0.0.0","1","1","21:00","0",NULL,"0",NULL,"0",NULL,"0",NULL,"0",NULL,"218",NULL,"0","1","2019-04-22 14:57:55","23","336"
"171","USM002","sky-hawk-zipline-samui","uploads/products/skyhawk-zipline-samui-03_thumbnail_1b033791e1c39046a6677bd3d9245809.jpg","13-60","6-12",NULL,"0-5",NULL,"0","1","2019-05-03 11:53:43","2022-03-27 12:46:00","2019-05-03 12:00:00","2019-05-03 12:00:00","0","0","1","6263","84","8404","5","0","0",,"2","1","0","0","23","23","171.5.163.3","Chrome","Windows","87.0.4280.88","1","1","21:00","0",NULL,"0",NULL,"0",NULL,"0",NULL,"0",NULL,"218",NULL,"0","1","2019-05-03 11:53:43","23","84"
"172","BKK019","elephant-sanctuary-bangkok","uploads/products/elephant_sanctuary_bangkok_11_c823ed5d6a7d056dd3e1e8713c23ae7b.jpg","11+","4-10",NULL,"0-3",NULL,"0","1","2019-05-26 15:22:29","2023-01-03 20:33:53","2019-05-26 12:00:00","2019-05-26 12:00:00","0","0","0","230","10","1011","0","0","0",,"2","1","0","0","23","23","49.230.165.252","Safari","iPhone","15.6","0","0",,"0",NULL,"0",NULL,"0",NULL,"0",NULL,"0",NULL,"218",NULL,"0","1","2019-05-26 15:22:29","23","293"
"173","HKT076","moon-party-phuket","uploads/products/paradise_beach_phuket_11_3de26729ef261aa85e4cf8a00f4d1b11.jpg","14+",NULL,NULL,NULL,NULL,"1","0","2019-05-31 11:22:26","2021-10-19 11:58:00","2019-05-31 12:00:00","2019-05-31 12:00:00","0","0","0","4736","83","8302","0","0","0",,"2","1","0","0","23","23","171.5.28.48","Safari","iPhone","13.0.1","0","0",,"0",NULL,"0",NULL,"0",NULL,"0",NULL,"0",NULL,"218",NULL,"0","1","2019-05-31 11:22:26","23","576"
"174","KBV006","james-bond-island-from-krabi","uploads/products/james_bond_island_from_krabi_24_e925f7f34b78742c70b7b64285b861ec.jpg","12+","4-11",NULL,"0-3",NULL,"0","0","2019-06-16 12:21:03","2020-12-31 11:44:29","2019-06-16 12:00:00","2019-06-16 12:00:00","0","0","0","1882","81","8101","0","0","0",,"2","0","0","0","23","23","171.5.166.248","Chrome","Windows","87.0.4280.88","1","1","20:00","0",NULL,"0",NULL,"0",NULL,"0",NULL,"0",NULL,"218",NULL,"0","1","2019-06-16 12:21:03","23","3"
"175","KBV007","hong-island-krabi","uploads/products/hong_island_krabi_9_641c8e907f295af693d5b642336fb9e2.jpg","12+","4-11",NULL,"1-3",NULL,"0","1","2019-06-16 14:46:30","2022-09-29 13:36:00","2019-06-16 12:00:00","2019-06-16 12:00:00","0","0","0","1882","81","8101","0","0","0",,"2","0","0","0","23","23","171.5.163.3","Chrome","Windows","87.0.4280.88","1","1","20:00","0",NULL,"0",NULL,"0",NULL,"0",NULL,"0",NULL,"218",NULL,"0","1","2019-06-16 14:46:30","23","7"
"177","KBV008","krabi-elephant-house-sanctuary","uploads/products/krabi_elephant_house_sanctuary_15_86df4debbc782b5b670bfbe3b4f64322.jpg","11+","4-10",NULL,"0-3",NULL,"0","1","2019-06-23 15:31:28","2021-12-26 23:08:02","2019-06-23 12:00:00","2019-06-23 12:00:00","0","0","0","1882","81","8101","0","0","0",,"2","0","0","0","23","23","171.5.167.135","Chrome","Windows","96.0.4664.110","1","1","19:00","0",NULL,"0",NULL,"0",NULL,"0",NULL,"0",NULL,"218",NULL,"0","1","2019-06-23 15:31:28","23","162"
"179","PAT011","pattaya-dolphinarium","uploads/products/pattaya_dolphin_show_1e114d326c5a6d757ffecb76b4353cb3.jpg","120 cm.+","80-120 cm.",NULL,"&lt; 80 cm.",NULL,"0","1","2019-08-10 12:01:47","2022-09-29 13:39:00","2019-08-10 12:00:00","2019-08-10 12:00:00","0","0","1","1271","20","2004","4","0","0",,"2","1","0","0","23","23","171.5.29.239","Chrome","Windows","84.0.4147.125","1","0","07:00","0",NULL,"0",NULL,"0",NULL,"0",NULL,"0",NULL,"218",NULL,"0","1","2019-08-10 12:01:47","23","13"
"178","KBV009","krabi-ezy-trails-phi-phi-early-bird-and-krabi-4-islands","uploads/products/krabi_ezytrails_phi_phi_island_tour_early_bird_and_krabi_4_islands_thumbnail_1acc8663d2a04f03d90fb6fa576d19ac.jpg","12-70","3-11",NULL,"1-2",NULL,"0","1","2019-07-23 11:27:08","2022-09-29 13:40:00","2019-07-23 12:00:00","2019-07-23 12:00:00","0","0","1","1882","81","8101","0","0","0",,"2","0","0","0","23","23","171.5.163.3","Chrome","Windows","87.0.4280.88","1","1","20:00","0",NULL,"0",NULL,"0",NULL,"0",NULL,"0",NULL,"218",NULL,"0","1","2019-07-23 11:27:08","23","42"
"180","HKT077","green-elephant-sanctuary","uploads/products/green_elephant_sanctuary_thumbnail_8fe1ba9cd0502084659219204eaf2f39.jpg","12+","4-11",NULL,"0-3",NULL,"0","1","2019-08-10 23:24:07","2023-01-01 23:53:23","2019-08-10 12:00:00","2019-08-10 12:00:00","0","0","0","4739","83","8303","0","0","0",,"2","0","0","0","23","23","171.5.6.200","Chrome","Windows","108.0.0.0","0","0",,"0",NULL,"0",NULL,"0",NULL,"0",NULL,"0",NULL,"218",NULL,"0","1","2019-08-10 23:24:07","23","241"
"181","HKT078","aquaria-phuket","uploads/products/07_coastal_heaven_custom_8d8c25b63fc9f24e7c7ca1950926eeff.jpg","140 cm.+","90-140 cm.",NULL,"&lt; 90 cm.",NULL,"0","1","2019-08-29 18:06:38","2023-01-09 11:02:49","2019-08-29 12:00:00","2019-08-29 12:00:00","1","1","0","4733","83","8301","0","0","0",,"2","0","0","0","23","23","171.5.4.26","Chrome","Windows","108.0.0.0","1","0","18:00","0",NULL,"0",NULL,"0",NULL,"0",NULL,"0",NULL,"218",NULL,"0","1","2019-08-29 18:06:38","23","2768"
"186","PNA008","khao-sok-tour","uploads/products/khaosok6_37fa9b19de4bc8937ff851c695bde674.jpg","12+","4-11",NULL,"1-3",NULL,"0","0","2019-10-07 11:30:02","2021-12-26 21:52:00","2019-10-07 12:00:00","2019-10-07 12:00:00","0","0","0","3908","82","8205","3","0","0",,"2","0","0","0","23","23","171.5.163.3","Chrome","Windows","87.0.4280.88","1","1","19:00","0",NULL,"0",NULL,"0",NULL,"0",NULL,"0",NULL,"218",NULL,"0","1","2019-10-07 11:30:02","23","0"
"182","PAT012","tiger-park-pattaya","uploads/products/tiger_park_pattaya_17_custom_f1bb07d406d9abd70b5bc03cda8c525d.jpg","15-70","1-14",NULL,"0-1",NULL,"0","1","2019-09-03 12:58:38","2022-03-27 12:46:00","2019-09-03 12:00:00","2019-09-03 12:00:00","0","0","1","1271","20","2004","4","0","0",,"2","0","0","0","23","23","171.5.163.3","Chrome","Windows","87.0.4280.88","1","0","12:00","0",NULL,"0",NULL,"0",NULL,"0",NULL,"0",NULL,"218",NULL,"0","1","2019-09-03 12:58:38","23","330"
"183","BKK023","private-kanchanaburi-tour-from-bangkok","uploads/products/death_railway_custom_1_4d6be7be716944aabc6ca91a5bea2107.jpg","8+","4-8",NULL,"0-3",NULL,"0","0","2019-09-04 15:16:59","2020-12-31 11:49:00","2019-09-04 12:00:00","2019-09-04 12:00:00","0","0","0","138","10","1001","0","0","0",,"1","0","1","3","23","23","171.5.29.239","Chrome","Windows","84.0.4147.125","1","3","18:00","0",NULL,"0",NULL,"0",NULL,"0",NULL,"0",NULL,"218",NULL,"0","1","2019-09-04 15:16:59","23","3"
"184","HKT079","phuket-botanic-garden","uploads/products/phuket_botanic_garden_24_1_10232905ccb6ca9230aca0fdd2703f04.jpg","11+","4-10",NULL,"0-3",NULL,"0","1","2019-09-07 12:20:23","2022-08-30 18:33:52","2019-09-07 12:00:00","2019-09-07 12:00:00","0","0","0","4737","83","8301","0","0","0",,"2","0","0","0","23","23","171.5.14.31","Chrome","Windows","104.0.0.0","1","0","15:00","0",NULL,"0",NULL,"0",NULL,"0",NULL,"0",NULL,"218",NULL,"0","1","2019-09-07 12:20:23","23","52"
"185","KBV010","ao-nange-elephant-sanctuary","uploads/products/ao_nang_elephant_sanctuary_20_126bead0eb6b3c6b73df18a36f0b183d.jpg","10+","3-9",NULL,"0-2",NULL,"0","1","2019-09-14 14:39:24","2022-09-29 13:39:00","2019-09-14 12:00:00","2019-09-14 12:00:00","0","0","1","1882","81","8101","0","0","0",,"2","0","0","0","23","23","171.5.29.239","Chrome","Windows","84.0.4147.125","1","1","21:00","0",NULL,"0",NULL,"0",NULL,"0",NULL,"0",NULL,"218",NULL,"0","1","2019-09-14 14:39:24","23","64"
"187","HKT080","maiton-and-phi-phi-island-sunset-cruise-by-power-catamaran","uploads/products/maiton_island_thumbnail_47e9b9ca683a7eab8ce0310c89d3d4df.jpg","12+","4-11",NULL,"0-3",NULL,"0","1","2019-11-16 12:11:35","2022-09-29 13:39:00","2019-11-16 12:00:00","2019-11-16 12:00:00","0","0","1","4737","83","8301","0","0","0",,"2","0","0","0","23","23","171.5.29.239","Chrome","Windows","84.0.4147.125","0","0",,"0",NULL,"0",NULL,"0",NULL,"0",NULL,"0",NULL,"218",NULL,"0","1","2019-11-16 12:11:35","23","13"
"189","PAT013","the-sanctuary-of-truth-pattaya","uploads/products/sanctuary_of_truth_thumbnail_3f651f02477ae9d676915c7025924adc.jpg","140 cm.+","110-140 cm.",NULL,"&lt; 110 cm.",NULL,"0","1","2019-11-29 17:50:26","2020-05-06 14:21:39","2019-11-29 12:00:00","2019-11-29 12:00:00","0","0","0","1271","20","2004","4","0","0",,"2","0","1","3","23","23","171.5.29.237","Chrome","Windows","81.0.4044.129","0","0",,"0",NULL,"0",NULL,"0",NULL,"0",NULL,"0",NULL,"218",NULL,"0","1","2019-11-29 17:50:26","23","21"
"190","KBV011","bor-thor-kayaking","uploads/products/bor_thor_kayaking_2_9a86f497fc09f23b3c7bd32c8018da69.jpg","12+","4-11",NULL,"1-3",NULL,"1","0","2019-12-15 22:26:39","2021-10-19 11:57:00","2019-12-15 12:00:00","2019-12-15 12:00:00","0","0","0","1879","81","8105","0","0","0",,"2","0","0","0","23","23","171.5.29.239","Chrome","Windows","84.0.4147.125","1","1","19:00","0",NULL,"0",NULL,"0",NULL,"0",NULL,"0",NULL,"218",NULL,"0","1","2019-12-15 22:26:39","23","0"
"191","PNA009","james-bond-and-khai-island-from-khaolak","uploads/products/james_bond_and_khai_island_from_khaolak_16_4c6f5e7bedd8fd803ff9df84b1595d2f.jpg","12-70","4-11",NULL,"0-3",NULL,"0","0","2020-01-06 12:52:36","2022-03-07 12:20:00","2020-01-06 12:00:00","2020-01-06 12:00:00","0","0","0","3908","82","8205","3","0","0",,"2","1","0","0","23","23","171.5.29.239","Chrome","Windows","84.0.4147.125","1","1","20:00","0",NULL,"0",NULL,"0",NULL,"0",NULL,"0",NULL,"218",NULL,"0","1","2020-01-06 12:52:36","23","1"
"192","HKT083","vibe-boat-club","uploads/products/vibe_boat_club_3_bb20c39b2bf852328a90267b9922c151.jpg","16+",NULL,NULL,NULL,NULL,"1","0","2020-01-06 14:08:39","2021-10-19 11:56:00","2020-01-06 12:00:00","2020-01-06 12:00:00","0","0","0","4741","83","8303","0","0","0",,"2","0","0","0","23","23","171.5.164.53","Chrome","Windows","79.0.3945.88","1","1","18:00","0",NULL,"0",NULL,"0",NULL,"0",NULL,"0",NULL,"218",NULL,"0","1","2020-01-06 14:08:39","23","3"
"193","KBV012","emerald-pool-hot-spring-and-tiger-cave-temple-krabi","uploads/products/tiger_cave_temple_7_27a16a126d9034f6152832361a437b89.jpg","12+","4-11",NULL,"0-3",NULL,"0","1","2020-01-12 14:22:31","2022-04-01 11:47:00","2020-01-12 12:00:00","2020-01-12 12:00:00","0","0","1","1882","81","8101","0","0","0",,"2","0","0","0","23","23","171.5.163.3","Chrome","Windows","87.0.4280.88","1","1","18:00","0",NULL,"0",NULL,"0",NULL,"0",NULL,"0",NULL,"218",NULL,"0","1","2020-01-12 14:22:31","23","11"
"194","BKK026","the-hidden-of-bangkok","uploads/products/e06aab4e-fb09-41e2-ac46-2798b3e43953_2f99835163f5a0fb38e8d9ab61796670.jpg","11+","2-11",NULL,"0-2",NULL,"0","0","2020-05-06 15:36:32","2022-03-07 12:19:00","2020-05-06 12:00:00","2020-05-06 12:00:00","0","0","0","138","10","1001","0","0","0",,"2","0","0","0","23","23","171.5.29.239","Chrome","Windows","84.0.4147.125","0","0",,"0",NULL,"0",NULL,"0",NULL,"0",NULL,"0",NULL,"218",NULL,"0","1","2020-05-06 15:36:32","23","0"
"203","PAT015","underwater-world-pattaya","uploads/products/underwater_world_pattaya_1_thumbnail_696e4e9b54d5e3f21f4010b6369b94a3.jpg","130 ซม.+","90-130 ซม.",NULL,"&lt; 90 ซม.",NULL,"0","0","2022-10-09 15:22:59","2022-10-31 18:12:05","2022-10-09 12:00:00","2022-10-09 12:00:00","0","0","0","1271","20","2004","4","0","0",,"2","0","0","0","23","23","112.213.213.153","Safari","Macintosh","15.6.1","1","0","12:00","0",NULL,"0",NULL,"0",NULL,"0",NULL,"0",NULL,"218",NULL,"0","1","2022-10-09 15:22:59","23","0"
"196","HKT084","james-bond-and-hong-island-canoeing-tour","uploads/products/img_2556-835x550_03c6702ef083fd82073cd975cb5beb43.jpg","12+","4-11",NULL,"0-3",NULL,"0","1","2022-07-24 11:24:18","2022-07-26 10:32:02","2022-07-24 12:00:00","2022-07-24 12:00:00","0","0","0","4737","83","8301","0","0","0",,"2","0","0","0","23","23","171.5.3.55","Chrome","Windows","103.0.0.0","1","1","17:00","0",NULL,"0",NULL,"0",NULL,"0",NULL,"0",NULL,"218",NULL,"0","1","2022-07-24 11:24:18","23","3"
"195","HKT083","andamanda-phuket-water-park","uploads/products/thumbnail_da0acbd9bd06fcdc8da87a0d6f7d7355.jpg","12 - 59 yrs.","3 - 11 yrs.","> 60 yrs.","&lt; 2 yrs.",NULL,"0","1","2022-05-20 15:39:52","2023-05-03 17:09:00","2022-05-20 12:00:00","2022-05-20 12:00:00","1","1","0","4740","83","8302","0","0","0",,"2","0","0","0","23","24","35.191.18.54","Chrome","Macintosh","112.0.0.0","0","0",,"0",NULL,"1","> 122 cm.","1","91 - 121 cm.","0","> 60 yrs.","1","&lt; 90 cm.","218",NULL,"0","1","2022-05-20 15:39:52","23","506"
"197","HKT085","bluetree-water-park-phuket","uploads/products/lagoon_001_thumbnail-835x565_5a944fc007dd9d9577d293dc56dc2cc8.jpg","121 cm.+","91-120 cm.",NULL,"&lt; 90 cm.",NULL,"0","1","2022-07-26 10:53:10","2022-08-10 17:50:42","2022-07-26 12:00:00","2022-07-26 12:00:00","0","0","1","4739","83","8303","0","0","0",,"2","0","1","3","23","23","183.88.106.235","Safari","iPhone","15.6","1","0","12:30","0",NULL,"0",NULL,"0",NULL,"0",NULL,"0",NULL,"218",NULL,"0","1","2022-07-26 10:53:10","23","8"
"198","PAT014","nongnooch-garden-pattaya","uploads/products/nongnuch_garden_pattaya1_1_thumbnail-835x565_d39dc73f551f980542b6958c7c190ee4.jpg","131 cm.+","90-130 cm.",NULL,"&lt; 90 cm.",NULL,"0","1","2022-08-05 14:22:52","2022-09-27 12:12:16","2022-08-05 12:00:00","2022-08-05 12:00:00","0","0","0","1271","20","2004","4","0","0",,"2","0","0","0","23","23","171.5.15.44","Chrome","Windows","105.0.0.0","1","1","22:00","0",NULL,"0",NULL,"0",NULL,"0",NULL,"0",NULL,"218",NULL,"0","1","2022-08-05 14:22:52","23","99"
"199","BKK024","white-orchid-river-cruise","uploads/products/white_orchid_thumbnail_1_d7399dba1480961a984cc5a44d5f2712.jpg","11+","4-10",NULL,"0-3",NULL,"0","1","2022-08-17 12:17:32","2022-11-18 14:17:44","2022-08-17 12:00:00","2022-08-17 12:00:00","1","1","0","138","10","1001","0","0","0",,"2","0","0","0","23","23","171.5.6.114","Chrome","Windows","107.0.0.0","0","0",,"0",NULL,"0",NULL,"0",NULL,"0",NULL,"0",NULL,"218",NULL,"0","1","2022-08-17 12:17:32","23","9"
"200","BKK027","chao-phraya-princess","uploads/products/chaophraya_princess_thumbnail_65bbee586395863f0e3c14c8ca59e321.jpg","11+","4-10",NULL,"0-3",NULL,"0","1","2022-08-18 16:47:46","2022-12-25 21:00:30","2022-08-18 12:00:00","2022-08-18 12:00:00","0","0","0","138","10","1001","0","0","0",,"2","0","0","0","23","23","49.229.232.6","Safari","iPhone","15.6","0","0",,"0",NULL,"0",NULL,"0",NULL,"0",NULL,"0",NULL,"218",NULL,"0","1","2022-08-18 16:47:46","23","108"
"201","HKT086","phuket-dinner-cruise-sea-angel",NULL,NULL,NULL,NULL,NULL,NULL,"0","0","2022-08-30 18:18:12","2022-12-16 17:08:00","2022-08-30 12:00:00","2022-08-30 12:00:00","0","0","0","4734","83","8301","0","0","0",,"2","0","0","0","23","23","171.5.14.31","Chrome","Windows","104.0.0.0","0","0",,"0",NULL,"0",NULL,"0",NULL,"0",NULL,"0",NULL,"218",NULL,"0","1","2022-08-30 18:18:12","23","0"
"202","HKT087","carnival-magic-phuket","uploads/products/carnival_magic_park_phuket_thumbnail_9384f118312187a7a0d87d76cfb9bc8c.jpg","140 cm.+","101-140cm.",NULL,"&lt;100 cm.",NULL,"0","1","2022-09-03 16:24:16","2023-01-12 08:06:04","2022-09-03 12:00:00","2022-09-03 12:00:00","1","1","0","4735","83","8302","0","0","0",,"2","0","0","0","23","23","171.5.4.26","Chrome","Windows","108.0.0.0","1","0","16:00","0",NULL,"0",NULL,"0",NULL,"0",NULL,"0",NULL,"218",NULL,"0","1","2022-09-03 16:24:16","23","272"
"205","USM005","ang-thong-national-marine-park-tour-by-speedboat","uploads/products/3fda4169-7822-410f-adc8-a5a209706e72_dedf1bf09d3b5299d22d13f0d1861939.jpeg","11+","4-10",NULL,"0-3",NULL,"0","1","2022-12-07 18:25:10","2022-12-18 14:07:13","2022-12-07 12:00:00","2022-12-07 12:00:00","0","0","0","6290","84","8404","5","0","0",,"2","0","0","0","23","23","171.5.6.237","Chrome","Windows","108.0.0.0","1","1","17:00","0",NULL,"0",NULL,"0",NULL,"0",NULL,"0",NULL,"218",NULL,"0","1","2022-12-07 18:25:10","23","0"
"204","PAT016","columbia-pictures-aquaverse-pattaya","uploads/products/sonytheme15_1_c6e5542004ac681681fa41125ab9260c.jpg","12 yrs.+","3 - 11 yrs.","60 yrs.+","0-2 yrs.",NULL,"0","1","2022-11-22 09:23:36","2022-11-27 13:06:19","2022-11-22 12:00:00","2022-11-22 12:00:00","0","0","0","1263","20","2009","4","0","0",,"2","0","0","0","23","23","112.213.213.153","Safari","Macintosh","15.6.1","1","0","12:00","0",NULL,"0",NULL,"0",NULL,"0",NULL,"0",NULL,"218",NULL,"0","1","2022-11-22 09:23:36","23","3"
"206","USM006","koh-mad-sum-and-koh-taen-half-day-trip-private-charter","uploads/products/a85c2e00-9402-4661-b6ca-4f6a3cc82416_08a983f4c6961da8fd17fe23ed0edd0f.jpeg","11+","4-10",NULL,"0-3",NULL,"0","1","2022-12-13 07:46:17","2023-01-12 17:36:44","2022-12-13 12:00:00","2022-12-13 12:00:00","0","0","0","6264","84","8404","5","0","0",,"1","0","1","17","23","23","171.5.4.26","Chrome","Windows","108.0.0.0","1","1","17:00","0",NULL,"0",NULL,"0",NULL,"0",NULL,"0",NULL,"218",NULL,"0","1","2022-12-13 07:46:17","23","1"
"207","THCPN001","banana-beach-phuket","uploads/products/banana_beach_thumbnail_bb4015d86414cf71505c24807bc00cc5.jpg","12+","4-11",NULL,"0-3",NULL,"0","1","2023-01-10 15:46:14","2023-04-10 14:41:24","2023-01-10 12:00:00","2023-01-10 12:00:00","0","0","0","1370","86","8606","0","13.6825","100.235","นฐ. 1034","2","1","1","2","23","2980","127.0.0.1","Dart","unknown","2.19","1","2","18.00","0","product_success","0",NULL,"0",NULL,"0",NULL,"0",NULL,"218",NULL,"1","1","2023-01-10 15:46:14","23","30"
